{"type": "FeatureCollection", "name": "poi_transport", "crs": {"type": "name", "properties": {"name": "urn:ogc:def:crs:OGC:1.3:CRS84"}}, "features": [{"type": "Feature", "properties": {"osm_id": "node/1175285616", "name": "Cementerio General / Profesor Alberto Zañartu", "theme": "transport", "subtype": "bus_stop", "lat": -33.4178434, "lon": -70.6502906, "distance_m": 28, "ring": "<=500 m"}, "geometry": {"type": "Point", "coordinates": [-70.6502906, -33.4178434]}}, {"type": "Feature", "properties": {"osm_id": "node/1175551934", "name": "PB760-Profesor A. Zañartu / Esq. Monserrat", "theme": "transport", "subtype": "bus_stop", "lat": -33.418027, "lon": -70.6494832, "distance_m": 66, "ring": "<=500 m"}, "geometry": {"type": "Point", "coordinates": [-70.6494832, -33.418027]}}, {"type": "Feature", "properties": {"osm_id": "node/1175551885", "name": "PB1323-Profesor A. Zañartu / Esq. Monserrat", "theme": "transport", "subtype": "bus_stop", "lat": -33.4179133, "lon": -70.6481799, "distance_m": 187, "ring": "<=500 m"}, "geometry": {"type": "Point", "coordinates": [-70.6481799, -33.4179133]}}, {"type": "Feature", "properties": {"osm_id": "node/1175551925", "name": "PB1324-Parada / Hospital San José", "theme": "transport", "subtype": "bus_stop", "lat": -33.4174813, "lon": -70.6524685, "distance_m": 222, "ring": "<=500 m"}, "geometry": {"type": "Point", "coordinates": [-70.6524685, -33.4174813]}}, {"type": "Feature", "properties": {"osm_id": "node/10962380416", "name": "PB758-Parada / Hospital San José", "theme": "transport", "subtype": "bus_stop", "lat": -33.4176887, "lon": -70.6527905, "distance_m": 246, "ring": "<=500 m"}, "geometry": {"type": "Point", "coordinates": [-70.6527905, -33.4176887]}}, {"type": "Feature", "properties": {"osm_id": "node/1175552450", "name": "PB757-Santos Dumont / Esq. Avenida La Paz", "theme": "transport", "subtype": "bus_stop", "lat": -33.4212535, "lon": -70.6504401, "distance_m": 354, "ring": "<=500 m"}, "geometry": {"type": "Point", "coordinates": [-70.6504401, -33.4212535]}}, {"type": "Feature", "properties": {"osm_id": "node/11993173582", "name": "Dr. Carlos Lorca T. / Esq. Avenida La Paz", "theme": "transport", "subtype": "bus_stop", "lat": -33.421141, "lon": -70.651406, "distance_m": 359, "ring": "<=500 m"}, "geometry": {"type": "Point", "coordinates": [-70.651406, -33.421141]}}, {"type": "Feature", "properties": {"osm_id": "node/1175285824", "name": "Hospital Clínico U. De Chile", "theme": "transport", "subtype": "bus_stop", "lat": -33.4207594, "lon": -70.6547233, "distance_m": 516, "ring": "<=1000 m"}, "geometry": {"type": "Point", "coordinates": [-70.6547233, -33.4207594]}}, {"type": "Feature", "properties": {"osm_id": "node/7006740003", "name": "(M) Hospitales", "theme": "transport", "subtype": "bus_stop", "lat": -33.4177177, "lon": -70.6557578, "distance_m": 519, "ring": "<=1000 m"}, "geometry": {"type": "Point", "coordinates": [-70.6557578, -33.4177177]}}, {"type": "Feature", "properties": {"osm_id": "node/10962380415", "name": "San José / Belisario Prats", "theme": "transport", "subtype": "bus_stop", "lat": -33.4148095, "lon": -70.6542335, "distance_m": 523, "ring": "<=1000 m"}, "geometry": {"type": "Point", "coordinates": [-70.6542335, -33.4148095]}}, {"type": "Feature", "properties": {"osm_id": "node/7006740002", "name": "Profesor Alberto Zañartu", "theme": "transport", "subtype": "subway_entrance", "lat": -33.4179292, "lon": -70.6560385, "distance_m": 543, "ring": "<=1000 m"}, "geometry": {"type": "Point", "coordinates": [-70.6560385, -33.4179292]}}, {"type": "Feature", "properties": {"osm_id": "node/1175683178", "name": "Avenida Recoleta / Esq. Urrutia", "theme": "transport", "subtype": "bus_stop", "lat": -33.4189001, "lon": -70.6441076, "distance_m": 571, "ring": "<=1000 m"}, "geometry": {"type": "Point", "coordinates": [-70.6441076, -33.4189001]}}, {"type": "Feature", "properties": {"osm_id": "node/1175575144", "name": "Gamero / Avenida Independencia", "theme": "transport", "subtype": "bus_stop", "lat": -33.4198357, "lon": -70.6559829, "distance_m": 572, "ring": "<=1000 m"}, "geometry": {"type": "Point", "coordinates": [-70.6559829, -33.4198357]}}, {"type": "Feature", "properties": {"osm_id": "node/11815957345", "name": "(M) Hospitales", "theme": "transport", "subtype": "bus_stop", "lat": -33.4180548, "lon": -70.6563496, "distance_m": 572, "ring": "<=1000 m"}, "geometry": {"type": "Point", "coordinates": [-70.6563496, -33.4180548]}}, {"type": "Feature", "properties": {"osm_id": "node/12046982684", "name": "Hospitales", "theme": "transport", "subtype": "stop_position", "lat": -33.4176705, "lon": -70.6564383, "distance_m": 582, "ring": "<=1000 m"}, "geometry": {"type": "Point", "coordinates": [-70.6564383, -33.4176705]}}, {"type": "Feature", "properties": {"osm_id": "node/6228531279", "name": "Hospitales", "theme": "transport", "subtype": "station", "lat": -33.4176739, "lon": -70.6564558, "distance_m": 584, "ring": "<=1000 m"}, "geometry": {"type": "Point", "coordinates": [-70.6564558, -33.4176739]}}, {"type": "Feature", "properties": {"osm_id": "node/12046982878", "name": "Hospitales", "theme": "transport", "subtype": "stop_position", "lat": -33.417677, "lon": -70.6564752, "distance_m": 585, "ring": "<=1000 m"}, "geometry": {"type": "Point", "coordinates": [-70.6564752, -33.417677]}}, {"type": "Feature", "properties": {"osm_id": "node/1175683151", "name": "Avenida Recoleta / Esq. El Salto Chico", "theme": "transport", "subtype": "bus_stop", "lat": -33.4171819, "lon": -70.6438713, "distance_m": 595, "ring": "<=1000 m"}, "geometry": {"type": "Point", "coordinates": [-70.6438713, -33.4171819]}}, {"type": "Feature", "properties": {"osm_id": "node/1175683364", "name": "Avenida Recoleta / Esq. El Salto Chico", "theme": "transport", "subtype": "bus_stop", "lat": -33.4183662, "lon": -70.6437648, "distance_m": 597, "ring": "<=1000 m"}, "geometry": {"type": "Point", "coordinates": [-70.6437648, -33.4183662]}}, {"type": "Feature", "properties": {"osm_id": "node/1175551962", "name": "Avenida Recoleta / Profesor Alberto Zañartu", "theme": "transport", "subtype": "bus_stop", "lat": -33.4164557, "lon": -70.6440345, "distance_m": 599, "ring": "<=1000 m"}, "geometry": {"type": "Point", "coordinates": [-70.6440345, -33.4164557]}}, {"type": "Feature", "properties": {"osm_id": "node/1175285538", "name": "PB1126-Los Olivos / Esq. Avenida La Paz", "theme": "transport", "subtype": "bus_stop", "lat": -33.4233794, "lon": -70.6513912, "distance_m": 600, "ring": "<=1000 m"}, "geometry": {"type": "Point", "coordinates": [-70.6513912, -33.4233794]}}, {"type": "Feature", "properties": {"osm_id": "node/1175575102", "name": "(M) Hospitales", "theme": "transport", "subtype": "bus_stop", "lat": -33.4172392, "lon": -70.65659, "distance_m": 602, "ring": "<=1000 m"}, "geometry": {"type": "Point", "coordinates": [-70.65659, -33.4172392]}}, {"type": "Feature", "properties": {"osm_id": "node/11965876645", "name": "Bus Stop", "theme": "transport", "subtype": "bus_stop", "lat": -33.4212906, "lon": -70.6556404, "distance_m": 619, "ring": "<=1000 m"}, "geometry": {"type": "Point", "coordinates": [-70.6556404, -33.4212906]}}, {"type": "Feature", "properties": {"osm_id": "node/1175683374", "name": "Avenida Recoleta / Esq. Unión", "theme": "transport", "subtype": "bus_stop", "lat": -33.4168931, "lon": -70.6436239, "distance_m": 623, "ring": "<=1000 m"}, "geometry": {"type": "Point", "coordinates": [-70.6436239, -33.4168931]}}, {"type": "Feature", "properties": {"osm_id": "node/1175552428", "name": "(M) Cerro Blanco", "theme": "transport", "subtype": "bus_stop", "lat": -33.4219266, "lon": -70.6452971, "distance_m": 624, "ring": "<=1000 m"}, "geometry": {"type": "Point", "coordinates": [-70.6452971, -33.4219266]}}, {"type": "Feature", "properties": {"osm_id": "node/11993173581", "name": "Avenida La Paz / Esq. Olivos", "theme": "transport", "subtype": "bus_stop", "lat": -33.4237441, "lon": -70.6510033, "distance_m": 634, "ring": "<=1000 m"}, "geometry": {"type": "Point", "coordinates": [-70.6510033, -33.4237441]}}, {"type": "Feature", "properties": {"osm_id": "node/1175287673", "name": "(M) Hospitales", "theme": "transport", "subtype": "bus_stop", "lat": -33.4176904, "lon": -70.6570598, "distance_m": 639, "ring": "<=1000 m"}, "geometry": {"type": "Point", "coordinates": [-70.6570598, -33.4176904]}}, {"type": "Feature", "properties": {"osm_id": "node/1175683204", "name": "(M) Cerro Blanco", "theme": "transport", "subtype": "bus_stop", "lat": -33.4217632, "lon": -70.6448584, "distance_m": 642, "ring": "<=1000 m"}, "geometry": {"type": "Point", "coordinates": [-70.6448584, -33.4217632]}}, {"type": "Feature", "properties": {"osm_id": "node/12972360016", "name": "Bus Stop", "theme": "transport", "subtype": "bus_stop", "lat": -33.417825, "lon": -70.6432056, "distance_m": 649, "ring": "<=1000 m"}, "geometry": {"type": "Point", "coordinates": [-70.6432056, -33.417825]}}, {"type": "Feature", "properties": {"osm_id": "node/1175551123", "name": "PB1127-Los Olivos / Esq. Fariña", "theme": "transport", "subtype": "bus_stop", "lat": -33.4240084, "lon": -70.649033, "distance_m": 668, "ring": "<=1000 m"}, "geometry": {"type": "Point", "coordinates": [-70.649033, -33.4240084]}}, {"type": "Feature", "properties": {"osm_id": "node/3471674285", "name": "Santos Dumont", "theme": "transport", "subtype": "subway_entrance", "lat": -33.4223999, "lon": -70.6451236, "distance_m": 672, "ring": "<=1000 m"}, "geometry": {"type": "Point", "coordinates": [-70.6451236, -33.4223999]}}, {"type": "Feature", "properties": {"osm_id": "node/1175575295", "name": "Santa María / Avenida Independencia", "theme": "transport", "subtype": "bus_stop", "lat": -33.4160241, "lon": -70.6570323, "distance_m": 675, "ring": "<=1000 m"}, "geometry": {"type": "Point", "coordinates": [-70.6570323, -33.4160241]}}, {"type": "Feature", "properties": {"osm_id": "node/4263355956", "name": "Av. Recoleta", "theme": "transport", "subtype": "subway_entrance", "lat": -33.4226469, "lon": -70.6451916, "distance_m": 688, "ring": "<=1000 m"}, "geometry": {"type": "Point", "coordinates": [-70.6451916, -33.4226469]}}, {"type": "Feature", "properties": {"osm_id": "node/11986912076", "name": "Parada / Municipalidad De Independencia", "theme": "transport", "subtype": "bus_stop", "lat": -33.42205, "lon": -70.6559197, "distance_m": 691, "ring": "<=1000 m"}, "geometry": {"type": "Point", "coordinates": [-70.6559197, -33.42205]}}, {"type": "Feature", "properties": {"osm_id": "node/1175285545", "name": "PB1125-Los Olivos / Esq. Avenida La Paz", "theme": "transport", "subtype": "bus_stop", "lat": -33.4231353, "lon": -70.6546019, "distance_m": 696, "ring": "<=1000 m"}, "geometry": {"type": "Point", "coordinates": [-70.6546019, -33.4231353]}}, {"type": "Feature", "properties": {"osm_id": "node/1175552283", "name": "(M) Cementerios", "theme": "transport", "subtype": "bus_stop", "lat": -33.4147793, "lon": -70.643763, "distance_m": 700, "ring": "<=1000 m"}, "geometry": {"type": "Point", "coordinates": [-70.643763, -33.4147793]}}, {"type": "Feature", "properties": {"osm_id": "node/1175683349", "name": "(M) Cerro Blanco", "theme": "transport", "subtype": "bus_stop", "lat": -33.4225827, "lon": -70.6448886, "distance_m": 702, "ring": "<=1000 m"}, "geometry": {"type": "Point", "coordinates": [-70.6448886, -33.4225827]}}, {"type": "Feature", "properties": {"osm_id": "node/12045232499", "name": "Cerro Blanco", "theme": "transport", "subtype": "stop_position", "lat": -33.4227502, "lon": -70.6450756, "distance_m": 703, "ring": "<=1000 m"}, "geometry": {"type": "Point", "coordinates": [-70.6450756, -33.4227502]}}, {"type": "Feature", "properties": {"osm_id": "node/944490442", "name": "Cerro Blanco", "theme": "transport", "subtype": "station", "lat": -33.4227505, "lon": -70.6450582, "distance_m": 704, "ring": "<=1000 m"}, "geometry": {"type": "Point", "coordinates": [-70.6450582, -33.4227505]}}, {"type": "Feature", "properties": {"osm_id": "node/12045232545", "name": "Cerro Blanco", "theme": "transport", "subtype": "stop_position", "lat": -33.4227588, "lon": -70.6450338, "distance_m": 707, "ring": "<=1000 m"}, "geometry": {"type": "Point", "coordinates": [-70.6450338, -33.4227588]}}, {"type": "Feature", "properties": {"osm_id": "node/4263355957", "name": "Doctor Raimundo Charlin", "theme": "transport", "subtype": "subway_entrance", "lat": -33.4230776, "lon": -70.6453311, "distance_m": 715, "ring": "<=1000 m"}, "geometry": {"type": "Point", "coordinates": [-70.6453311, -33.4230776]}}, {"type": "Feature", "properties": {"osm_id": "node/1175575078", "name": "Santa María / Avenida Independencia", "theme": "transport", "subtype": "bus_stop", "lat": -33.4151438, "lon": -70.6574944, "distance_m": 753, "ring": "<=1000 m"}, "geometry": {"type": "Point", "coordinates": [-70.6574944, -33.4151438]}}, {"type": "Feature", "properties": {"osm_id": "node/1175548422", "name": "El Salto Chico / Esq. Unión", "theme": "transport", "subtype": "bus_stop", "lat": -33.4164988, "lon": -70.6422727, "distance_m": 755, "ring": "<=1000 m"}, "geometry": {"type": "Point", "coordinates": [-70.6422727, -33.4164988]}}, {"type": "Feature", "properties": {"osm_id": "node/1175575257", "name": "Olivos / Avenida Independencia", "theme": "transport", "subtype": "bus_stop", "lat": -33.4235415, "lon": -70.6551305, "distance_m": 761, "ring": "<=1000 m"}, "geometry": {"type": "Point", "coordinates": [-70.6551305, -33.4235415]}}, {"type": "Feature", "properties": {"osm_id": "node/12045232498", "name": "Cementerios", "theme": "transport", "subtype": "stop_position", "lat": -33.4139761, "lon": -70.6436155, "distance_m": 762, "ring": "<=1000 m"}, "geometry": {"type": "Point", "coordinates": [-70.6436155, -33.4139761]}}, {"type": "Feature", "properties": {"osm_id": "node/265684316", "name": "Cementerios", "theme": "transport", "subtype": "station", "lat": -33.4139806, "lon": -70.643597, "distance_m": 763, "ring": "<=1000 m"}, "geometry": {"type": "Point", "coordinates": [-70.643597, -33.4139806]}}, {"type": "Feature", "properties": {"osm_id": "node/1175683135", "name": "(M) Cementerios", "theme": "transport", "subtype": "bus_stop", "lat": -33.4137122, "lon": -70.6437221, "distance_m": 772, "ring": "<=1000 m"}, "geometry": {"type": "Point", "coordinates": [-70.6437221, -33.4137122]}}, {"type": "Feature", "properties": {"osm_id": "node/1175288008", "name": "PB587-Echeverría / Esq. Residencial", "theme": "transport", "subtype": "bus_stop", "lat": -33.4249537, "lon": -70.6514567, "distance_m": 773, "ring": "<=1000 m"}, "geometry": {"type": "Point", "coordinates": [-70.6514567, -33.4249537]}}, {"type": "Feature", "properties": {"osm_id": "node/1175683413", "name": "(M) Cementerios", "theme": "transport", "subtype": "bus_stop", "lat": -33.4135679, "lon": -70.6434545, "distance_m": 801, "ring": "<=1000 m"}, "geometry": {"type": "Point", "coordinates": [-70.6434545, -33.4135679]}}, {"type": "Feature", "properties": {"osm_id": "node/1175285227", "name": "Gamero / Esq. Cnel. Agustín López", "theme": "transport", "subtype": "bus_stop", "lat": -33.4208223, "lon": -70.6581819, "distance_m": 802, "ring": "<=1000 m"}, "geometry": {"type": "Point", "coordinates": [-70.6581819, -33.4208223]}}, {"type": "Feature", "properties": {"osm_id": "node/1175551117", "name": "PB1128-Los Olivos / Esq. Avenida Recoleta", "theme": "transport", "subtype": "bus_stop", "lat": -33.4250004, "lon": -70.646301, "distance_m": 850, "ring": "<=1000 m"}, "geometry": {"type": "Point", "coordinates": [-70.646301, -33.4250004]}}, {"type": "Feature", "properties": {"osm_id": "node/1175287897", "name": "PB1326-Domingo Santa María / Esq. Maruri", "theme": "transport", "subtype": "bus_stop", "lat": -33.4155852, "lon": -70.6589064, "distance_m": 856, "ring": "<=1000 m"}, "geometry": {"type": "Point", "coordinates": [-70.6589064, -33.4155852]}}, {"type": "Feature", "properties": {"osm_id": "node/1175683227", "name": "Avenida Recoleta / Esq. Olivos", "theme": "transport", "subtype": "bus_stop", "lat": -33.4249456, "lon": -70.6457547, "distance_m": 867, "ring": "<=1000 m"}, "geometry": {"type": "Point", "coordinates": [-70.6457547, -33.4249456]}}, {"type": "Feature", "properties": {"osm_id": "node/1175288038", "name": "Avenida Independencia / Echeverría", "theme": "transport", "subtype": "bus_stop", "lat": -33.425152, "lon": -70.6542058, "distance_m": 870, "ring": "<=1000 m"}, "geometry": {"type": "Point", "coordinates": [-70.6542058, -33.425152]}}, {"type": "Feature", "properties": {"osm_id": "node/1175575197", "name": "Rivera / Avenida Independencia", "theme": "transport", "subtype": "bus_stop", "lat": -33.4249153, "lon": -70.6548686, "distance_m": 876, "ring": "<=1000 m"}, "geometry": {"type": "Point", "coordinates": [-70.6548686, -33.4249153]}}, {"type": "Feature", "properties": {"osm_id": "node/1175686235", "name": "Avenida La Paz / Esq. Juárez Larga", "theme": "transport", "subtype": "bus_stop", "lat": -33.4259588, "lon": -70.6512082, "distance_m": 881, "ring": "<=1000 m"}, "geometry": {"type": "Point", "coordinates": [-70.6512082, -33.4259588]}}, {"type": "Feature", "properties": {"osm_id": "node/11986912077", "name": "Av. Independencia / Esq. Rivera", "theme": "transport", "subtype": "bus_stop", "lat": -33.4250425, "lon": -70.6549368, "distance_m": 891, "ring": "<=1000 m"}, "geometry": {"type": "Point", "coordinates": [-70.6549368, -33.4250425]}}, {"type": "Feature", "properties": {"osm_id": "node/1175683323", "name": "Avenida Recoleta / Esq. Dominica", "theme": "transport", "subtype": "bus_stop", "lat": -33.4255316, "lon": -70.6458073, "distance_m": 923, "ring": "<=1000 m"}, "geometry": {"type": "Point", "coordinates": [-70.6458073, -33.4255316]}}, {"type": "Feature", "properties": {"osm_id": "node/1175551219", "name": "San Cristóbal / Peru", "theme": "transport", "subtype": "bus_stop", "lat": -33.4208212, "lon": -70.6407072, "distance_m": 931, "ring": "<=1000 m"}, "geometry": {"type": "Point", "coordinates": [-70.6407072, -33.4208212]}}, {"type": "Feature", "properties": {"osm_id": "node/11105954866", "name": "Av. Independencia/ Dávila Baeza", "theme": "transport", "subtype": "bus_stop", "lat": -33.4257605, "lon": -70.6545496, "distance_m": 945, "ring": "<=1000 m"}, "geometry": {"type": "Point", "coordinates": [-70.6545496, -33.4257605]}}, {"type": "Feature", "properties": {"osm_id": "node/1175548428", "name": "Arzobispo Valdivieso / Avenida El Salto Chico", "theme": "transport", "subtype": "bus_stop", "lat": -33.4141735, "lon": -70.6409722, "distance_m": 959, "ring": "<=1000 m"}, "geometry": {"type": "Point", "coordinates": [-70.6409722, -33.4141735]}}, {"type": "Feature", "properties": {"osm_id": "node/1175575065", "name": "Avenida Central / Avenida Independencia", "theme": "transport", "subtype": "bus_stop", "lat": -33.412831, "lon": -70.6585368, "distance_m": 970, "ring": "<=1000 m"}, "geometry": {"type": "Point", "coordinates": [-70.6585368, -33.412831]}}, {"type": "Feature", "properties": {"osm_id": "node/1175575330", "name": "Avenida Inglaterra / Avenida Independencia", "theme": "transport", "subtype": "bus_stop", "lat": -33.4126388, "lon": -70.6585091, "distance_m": 981, "ring": "<=1000 m"}, "geometry": {"type": "Point", "coordinates": [-70.6585091, -33.4126388]}}, {"type": "Feature", "properties": {"osm_id": "node/1175287636", "name": "Escanilla / Bezanilla", "theme": "transport", "subtype": "bus_stop", "lat": -33.4178909, "lon": -70.6607715, "distance_m": 983, "ring": "<=1000 m"}, "geometry": {"type": "Point", "coordinates": [-70.6607715, -33.4178909]}}, {"type": "Feature", "properties": {"osm_id": "node/1175285206", "name": "Escanilla / Gamero", "theme": "transport", "subtype": "bus_stop", "lat": -33.421129, "lon": -70.6601764, "distance_m": 987, "ring": "<=1000 m"}, "geometry": {"type": "Point", "coordinates": [-70.6601764, -33.421129]}}, {"type": "Feature", "properties": {"osm_id": "node/1175551405", "name": "San Cristóbal / Peru", "theme": "transport", "subtype": "bus_stop", "lat": -33.4213003, "lon": -70.6402723, "distance_m": 987, "ring": "<=1000 m"}, "geometry": {"type": "Point", "coordinates": [-70.6402723, -33.4213003]}}, {"type": "Feature", "properties": {"osm_id": "node/1175552630", "name": "Orleans / Valdivieso", "theme": "transport", "subtype": "bus_stop", "lat": -33.4140349, "lon": -70.6406795, "distance_m": 990, "ring": "<=1000 m"}, "geometry": {"type": "Point", "coordinates": [-70.6406795, -33.4140349]}}, {"type": "Feature", "properties": {"osm_id": "node/1175551200", "name": "Avenida Unión / Peru", "theme": "transport", "subtype": "bus_stop", "lat": -33.4176213, "lon": -70.6393619, "distance_m": 1006, "ring": "<=2000 m"}, "geometry": {"type": "Point", "coordinates": [-70.6393619, -33.4176213]}}, {"type": "Feature", "properties": {"osm_id": "node/1175683242", "name": "Parada / Clínica Dávila", "theme": "transport", "subtype": "bus_stop", "lat": -33.4265388, "lon": -70.6462553, "distance_m": 1009, "ring": "<=2000 m"}, "geometry": {"type": "Point", "coordinates": [-70.6462553, -33.4265388]}}, {"type": "Feature", "properties": {"osm_id": "node/1175551362", "name": "Avenida Unión / Peru", "theme": "transport", "subtype": "bus_stop", "lat": -33.4177966, "lon": -70.6391393, "distance_m": 1026, "ring": "<=2000 m"}, "geometry": {"type": "Point", "coordinates": [-70.6391393, -33.4177966]}}, {"type": "Feature", "properties": {"osm_id": "node/2956545118", "name": "Stop Position", "theme": "transport", "subtype": "stop_position", "lat": -33.4190901, "lon": -70.6391533, "distance_m": 1030, "ring": "<=2000 m"}, "geometry": {"type": "Point", "coordinates": [-70.6391533, -33.4190901]}}, {"type": "Feature", "properties": {"osm_id": "node/1175683108", "name": "Doctor Ostornol / Avenida Recoleta", "theme": "transport", "subtype": "bus_stop", "lat": -33.4105632, "lon": -70.6435649, "distance_m": 1037, "ring": "<=2000 m"}, "geometry": {"type": "Point", "coordinates": [-70.6435649, -33.4105632]}}, {"type": "Feature", "properties": {"osm_id": "node/1175551247", "name": "Santos Dumont / Peru", "theme": "transport", "subtype": "bus_stop", "lat": -33.4226662, "lon": -70.6404477, "distance_m": 1038, "ring": "<=2000 m"}, "geometry": {"type": "Point", "coordinates": [-70.6404477, -33.4226662]}}, {"type": "Feature", "properties": {"osm_id": "node/1175683424", "name": "Doctor Ostornol / Avenida Recoleta", "theme": "transport", "subtype": "bus_stop", "lat": -33.4106906, "lon": -70.6433205, "distance_m": 1040, "ring": "<=2000 m"}, "geometry": {"type": "Point", "coordinates": [-70.6433205, -33.4106906]}}, {"type": "Feature", "properties": {"osm_id": "node/11986912075", "name": "Gamero / Esq. Escanilla", "theme": "transport", "subtype": "bus_stop", "lat": -33.4213523, "lon": -70.6607381, "distance_m": 1045, "ring": "<=2000 m"}, "geometry": {"type": "Point", "coordinates": [-70.6607381, -33.4213523]}}, {"type": "Feature", "properties": {"osm_id": "node/1175284786", "name": "Escanilla / Esq. Colón", "theme": "transport", "subtype": "bus_stop", "lat": -33.4226318, "lon": -70.6600596, "distance_m": 1047, "ring": "<=2000 m"}, "geometry": {"type": "Point", "coordinates": [-70.6600596, -33.4226318]}}, {"type": "Feature", "properties": {"osm_id": "node/1175551424", "name": "Santos Dumont / Peru", "theme": "transport", "subtype": "bus_stop", "lat": -33.423096, "lon": -70.6400767, "distance_m": 1092, "ring": "<=2000 m"}, "geometry": {"type": "Point", "coordinates": [-70.6400767, -33.423096]}}, {"type": "Feature", "properties": {"osm_id": "node/1175683310", "name": "Parada / Clínica Dávila", "theme": "transport", "subtype": "bus_stop", "lat": -33.4273763, "lon": -70.6463268, "distance_m": 1094, "ring": "<=2000 m"}, "geometry": {"type": "Point", "coordinates": [-70.6463268, -33.4273763]}}, {"type": "Feature", "properties": {"osm_id": "node/1175686653", "name": "PB1497-Domínica / Esq. Montevideo", "theme": "transport", "subtype": "bus_stop", "lat": -33.4260719, "lon": -70.643267, "distance_m": 1096, "ring": "<=2000 m"}, "geometry": {"type": "Point", "coordinates": [-70.643267, -33.4260719]}}, {"type": "Feature", "properties": {"osm_id": "node/1175287889", "name": "PB1327-Domingo Santa María / Esq. Escanilla", "theme": "transport", "subtype": "bus_stop", "lat": -33.4156116, "lon": -70.6616413, "distance_m": 1098, "ring": "<=2000 m"}, "geometry": {"type": "Point", "coordinates": [-70.6616413, -33.4156116]}}, {"type": "Feature", "properties": {"osm_id": "node/2956545306", "name": "Stop Position", "theme": "transport", "subtype": "stop_position", "lat": -33.4195536, "lon": -70.6384365, "distance_m": 1103, "ring": "<=2000 m"}, "geometry": {"type": "Point", "coordinates": [-70.6384365, -33.4195536]}}, {"type": "Feature", "properties": {"osm_id": "node/1175551153", "name": "Desiderio Lemus / Peru", "theme": "transport", "subtype": "bus_stop", "lat": -33.415585, "lon": -70.6386754, "distance_m": 1104, "ring": "<=2000 m"}, "geometry": {"type": "Point", "coordinates": [-70.6386754, -33.415585]}}, {"type": "Feature", "properties": {"osm_id": "node/1175552657", "name": "Puma / Valdivieso", "theme": "transport", "subtype": "bus_stop", "lat": -33.4138849, "lon": -70.6393994, "distance_m": 1105, "ring": "<=2000 m"}, "geometry": {"type": "Point", "coordinates": [-70.6393994, -33.4138849]}}, {"type": "Feature", "properties": {"osm_id": "node/1175287766", "name": "Rivera / Agustín Lópezde A.", "theme": "transport", "subtype": "bus_stop", "lat": -33.426153, "lon": -70.6574012, "distance_m": 1120, "ring": "<=2000 m"}, "geometry": {"type": "Point", "coordinates": [-70.6574012, -33.426153]}}, {"type": "Feature", "properties": {"osm_id": "node/1175551324", "name": "Desiderio Lemus / Peru", "theme": "transport", "subtype": "bus_stop", "lat": -33.41581, "lon": -70.6383812, "distance_m": 1124, "ring": "<=2000 m"}, "geometry": {"type": "Point", "coordinates": [-70.6383812, -33.41581]}}, {"type": "Feature", "properties": {"osm_id": "node/3475053972", "name": "Santos Dumont / Avenida Independencia", "theme": "transport", "subtype": "bus_stop", "lat": -33.419581, "lon": -70.6623987, "distance_m": 1146, "ring": "<=2000 m"}, "geometry": {"type": "Point", "coordinates": [-70.6623987, -33.419581]}}, {"type": "Feature", "properties": {"osm_id": "node/1175575214", "name": "Gral. Lastra / Avenida Independencia", "theme": "transport", "subtype": "bus_stop", "lat": -33.4280827, "lon": -70.6539894, "distance_m": 1167, "ring": "<=2000 m"}, "geometry": {"type": "Point", "coordinates": [-70.6539894, -33.4280827]}}, {"type": "Feature", "properties": {"osm_id": "node/1175551505", "name": "Arzobispo Valdivieso / Peru", "theme": "transport", "subtype": "bus_stop", "lat": -33.413749, "lon": -70.6385062, "distance_m": 1186, "ring": "<=2000 m"}, "geometry": {"type": "Point", "coordinates": [-70.6385062, -33.413749]}}, {"type": "Feature", "properties": {"osm_id": "node/1175551270", "name": "La Virgen / Peru", "theme": "transport", "subtype": "bus_stop", "lat": -33.4248052, "lon": -70.6401113, "distance_m": 1197, "ring": "<=2000 m"}, "geometry": {"type": "Point", "coordinates": [-70.6401113, -33.4248052]}}, {"type": "Feature", "properties": {"osm_id": "node/1175548245", "name": "Arzobispo Valdivieso / Avenida El Salto", "theme": "transport", "subtype": "bus_stop", "lat": -33.4132011, "lon": -70.6386505, "distance_m": 1200, "ring": "<=2000 m"}, "geometry": {"type": "Point", "coordinates": [-70.6386505, -33.4132011]}}, {"type": "Feature", "properties": {"osm_id": "node/1175285185", "name": "Gamero / Esq. Av. Fermín Vivaceta", "theme": "transport", "subtype": "bus_stop", "lat": -33.4214997, "lon": -70.6625651, "distance_m": 1210, "ring": "<=2000 m"}, "geometry": {"type": "Point", "coordinates": [-70.6625651, -33.4214997]}}, {"type": "Feature", "properties": {"osm_id": "node/1175686218", "name": "Terminal Lastra", "theme": "transport", "subtype": "bus_stop", "lat": -33.42893, "lon": -70.6514693, "distance_m": 1212, "ring": "<=2000 m"}, "geometry": {"type": "Point", "coordinates": [-70.6514693, -33.42893]}}, {"type": "Feature", "properties": {"osm_id": "node/1175287715", "name": "Fermin Vivaceta / Bezanilla", "theme": "transport", "subtype": "bus_stop", "lat": -33.4178694, "lon": -70.6632916, "distance_m": 1217, "ring": "<=2000 m"}, "geometry": {"type": "Point", "coordinates": [-70.6632916, -33.4178694]}}, {"type": "Feature", "properties": {"osm_id": "node/1175285160", "name": "Gamero / Fermin Vivaceta", "theme": "transport", "subtype": "bus_stop", "lat": -33.4217987, "lon": -70.662679, "distance_m": 1231, "ring": "<=2000 m"}, "geometry": {"type": "Point", "coordinates": [-70.662679, -33.4217987]}}, {"type": "Feature", "properties": {"osm_id": "node/1175575040", "name": "Parada 1 / Nueva de Matte - Independencia", "theme": "transport", "subtype": "bus_stop", "lat": -33.4103113, "lon": -70.6596647, "distance_m": 1233, "ring": "<=2000 m"}, "geometry": {"type": "Point", "coordinates": [-70.6596647, -33.4103113]}}, {"type": "Feature", "properties": {"osm_id": "node/1175552495", "name": "PB1298-Arzobispo Valdivieso / Esq. Avenida El Salto", "theme": "transport", "subtype": "bus_stop", "lat": -33.4132813, "lon": -70.6381705, "distance_m": 1236, "ring": "<=2000 m"}, "geometry": {"type": "Point", "coordinates": [-70.6381705, -33.4132813]}}, {"type": "Feature", "properties": {"osm_id": "node/1175683443", "name": "México / Avenida Recoleta", "theme": "transport", "subtype": "bus_stop", "lat": -33.4085654, "lon": -70.6431645, "distance_m": 1243, "ring": "<=2000 m"}, "geometry": {"type": "Point", "coordinates": [-70.6431645, -33.4085654]}}, {"type": "Feature", "properties": {"osm_id": "node/1175285142", "name": "PB902-Av. Fermín Vivaceta / Esq. Bezanilla", "theme": "transport", "subtype": "bus_stop", "lat": -33.4179417, "lon": -70.6635904, "distance_m": 1244, "ring": "<=2000 m"}, "geometry": {"type": "Point", "coordinates": [-70.6635904, -33.4179417]}}, {"type": "Feature", "properties": {"osm_id": "node/1175284934", "name": "Gamero / Fermin Vivaceta", "theme": "transport", "subtype": "bus_stop", "lat": -33.4215516, "lon": -70.6629922, "distance_m": 1250, "ring": "<=2000 m"}, "geometry": {"type": "Point", "coordinates": [-70.6629922, -33.4215516]}}, {"type": "Feature", "properties": {"osm_id": "node/12300588213", "name": "PB1949-Av. Independencia / Esq. Beltrán Mathieu", "theme": "transport", "subtype": "bus_stop", "lat": -33.4289553, "lon": -70.6535836, "distance_m": 1250, "ring": "<=2000 m"}, "geometry": {"type": "Point", "coordinates": [-70.6535836, -33.4289553]}}, {"type": "Feature", "properties": {"osm_id": "node/1175284917", "name": "El Molino / Fermin Vivaceta", "theme": "transport", "subtype": "bus_stop", "lat": -33.4181137, "lon": -70.6636947, "distance_m": 1254, "ring": "<=2000 m"}, "geometry": {"type": "Point", "coordinates": [-70.6636947, -33.4181137]}}, {"type": "Feature", "properties": {"osm_id": "node/1175683301", "name": "(M) Patronato", "theme": "transport", "subtype": "bus_stop", "lat": -33.4289899, "lon": -70.6467377, "distance_m": 1255, "ring": "<=2000 m"}, "geometry": {"type": "Point", "coordinates": [-70.6467377, -33.4289899]}}, {"type": "Feature", "properties": {"osm_id": "node/1175285176", "name": "Colón / Fermin Vivaceta", "theme": "transport", "subtype": "bus_stop", "lat": -33.423526, "lon": -70.6621416, "distance_m": 1264, "ring": "<=2000 m"}, "geometry": {"type": "Point", "coordinates": [-70.6621416, -33.423526]}}, {"type": "Feature", "properties": {"osm_id": "node/1175284955", "name": "Baldomero Flores / Fermin Vivaceta", "theme": "transport", "subtype": "bus_stop", "lat": -33.4232092, "lon": -70.662377, "distance_m": 1267, "ring": "<=2000 m"}, "geometry": {"type": "Point", "coordinates": [-70.662377, -33.4232092]}}, {"type": "Feature", "properties": {"osm_id": "node/1175575346", "name": "General Saavedra / Avenida Independencia", "theme": "transport", "subtype": "bus_stop", "lat": -33.4098372, "lon": -70.6596667, "distance_m": 1271, "ring": "<=2000 m"}, "geometry": {"type": "Point", "coordinates": [-70.6596667, -33.4098372]}}, {"type": "Feature", "properties": {"osm_id": "node/1175285255", "name": "Gamero / Esq. Av. Fermín Vivaceta", "theme": "transport", "subtype": "bus_stop", "lat": -33.4217558, "lon": -70.6632025, "distance_m": 1275, "ring": "<=2000 m"}, "geometry": {"type": "Point", "coordinates": [-70.6632025, -33.4217558]}}, {"type": "Feature", "properties": {"osm_id": "node/1175683254", "name": "(M) Patronato", "theme": "transport", "subtype": "bus_stop", "lat": -33.429283, "lon": -70.6471052, "distance_m": 1278, "ring": "<=2000 m"}, "geometry": {"type": "Point", "coordinates": [-70.6471052, -33.429283]}}, {"type": "Feature", "properties": {"osm_id": "node/1175551567", "name": "La Virgen / Perú", "theme": "transport", "subtype": "bus_stop", "lat": -33.4254248, "lon": -70.6395827, "distance_m": 1279, "ring": "<=2000 m"}, "geometry": {"type": "Point", "coordinates": [-70.6395827, -33.4254248]}}, {"type": "Feature", "properties": {"osm_id": "node/1175683078", "name": "México / Avenida Recoleta", "theme": "transport", "subtype": "bus_stop", "lat": -33.4079922, "lon": -70.643329, "distance_m": 1290, "ring": "<=2000 m"}, "geometry": {"type": "Point", "coordinates": [-70.643329, -33.4079922]}}, {"type": "Feature", "properties": {"osm_id": "node/4263392127", "name": "Santa Filomena", "theme": "transport", "subtype": "subway_entrance", "lat": -33.4294266, "lon": -70.646887, "distance_m": 1298, "ring": "<=2000 m"}, "geometry": {"type": "Point", "coordinates": [-70.646887, -33.4294266]}}, {"type": "Feature", "properties": {"osm_id": "node/4263392128", "name": "Lastra", "theme": "transport", "subtype": "subway_entrance", "lat": -33.4296341, "lon": -70.6474184, "distance_m": 1310, "ring": "<=2000 m"}, "geometry": {"type": "Point", "coordinates": [-70.6474184, -33.4296341]}}, {"type": "Feature", "properties": {"osm_id": "node/11986912078", "name": "Av. Independencia / Esq. General Prieto", "theme": "transport", "subtype": "bus_stop", "lat": -33.4295067, "lon": -70.653614, "distance_m": 1310, "ring": "<=2000 m"}, "geometry": {"type": "Point", "coordinates": [-70.653614, -33.4295067]}}, {"type": "Feature", "properties": {"osm_id": "node/1175285123", "name": "D. Santa María / Fermin Vivaceta", "theme": "transport", "subtype": "bus_stop", "lat": -33.4158821, "lon": -70.6641232, "distance_m": 1316, "ring": "<=2000 m"}, "geometry": {"type": "Point", "coordinates": [-70.6641232, -33.4158821]}}, {"type": "Feature", "properties": {"osm_id": "node/1175287526", "name": "PB1477-Nueva De Matte / Esq. Av. Independencia", "theme": "transport", "subtype": "bus_stop", "lat": -33.4096851, "lon": -70.6602651, "distance_m": 1322, "ring": "<=2000 m"}, "geometry": {"type": "Point", "coordinates": [-70.6602651, -33.4096851]}}, {"type": "Feature", "properties": {"osm_id": "node/1175287855", "name": "PB1328-Domingo Santa María / Esq. Av. Fermín Vivaceta", "theme": "transport", "subtype": "bus_stop", "lat": -33.4155562, "lon": -70.664101, "distance_m": 1322, "ring": "<=2000 m"}, "geometry": {"type": "Point", "coordinates": [-70.664101, -33.4155562]}}, {"type": "Feature", "properties": {"osm_id": "node/12045232500", "name": "Patronato", "theme": "transport", "subtype": "stop_position", "lat": -33.4297289, "lon": -70.6471322, "distance_m": 1326, "ring": "<=2000 m"}, "geometry": {"type": "Point", "coordinates": [-70.6471322, -33.4297289]}}, {"type": "Feature", "properties": {"osm_id": "node/944490419", "name": "Patronato", "theme": "transport", "subtype": "station", "lat": -33.4297317, "lon": -70.6471183, "distance_m": 1327, "ring": "<=2000 m"}, "geometry": {"type": "Point", "coordinates": [-70.6471183, -33.4297317]}}, {"type": "Feature", "properties": {"osm_id": "node/1175575012", "name": "Parada 3 / Nueva de Matte - Independencia", "theme": "transport", "subtype": "bus_stop", "lat": -33.4091616, "lon": -70.6600801, "distance_m": 1352, "ring": "<=2000 m"}, "geometry": {"type": "Point", "coordinates": [-70.6600801, -33.4091616]}}, {"type": "Feature", "properties": {"osm_id": "node/1175551283", "name": "Dominica / Peru", "theme": "transport", "subtype": "bus_stop", "lat": -33.4269739, "lon": -70.6401839, "distance_m": 1356, "ring": "<=2000 m"}, "geometry": {"type": "Point", "coordinates": [-70.6401839, -33.4269739]}}, {"type": "Feature", "properties": {"osm_id": "node/1175284883", "name": "D. Santa María / Fermin Vivaceta", "theme": "transport", "subtype": "bus_stop", "lat": -33.4154722, "lon": -70.6645231, "distance_m": 1362, "ring": "<=2000 m"}, "geometry": {"type": "Point", "coordinates": [-70.6645231, -33.4154722]}}, {"type": "Feature", "properties": {"osm_id": "node/1175287973", "name": "PB1321-Domingo Santa María / Esq. Av. Fermín Vivaceta", "theme": "transport", "subtype": "bus_stop", "lat": -33.4156219, "lon": -70.6645779, "distance_m": 1363, "ring": "<=2000 m"}, "geometry": {"type": "Point", "coordinates": [-70.6645779, -33.4156219]}}, {"type": "Feature", "properties": {"osm_id": "node/1175285638", "name": "Fermin Vivaceta / Rivera", "theme": "transport", "subtype": "bus_stop", "lat": -33.4267322, "lon": -70.6607483, "distance_m": 1373, "ring": "<=2000 m"}, "geometry": {"type": "Point", "coordinates": [-70.6607483, -33.4267322]}}, {"type": "Feature", "properties": {"osm_id": "node/1175551585", "name": "PB1301-Avenida Perú / Esq. Los Tolomiros", "theme": "transport", "subtype": "bus_stop", "lat": -33.4269798, "lon": -70.6399059, "distance_m": 1375, "ring": "<=2000 m"}, "geometry": {"type": "Point", "coordinates": [-70.6399059, -33.4269798]}}, {"type": "Feature", "properties": {"osm_id": "node/1175686268", "name": "A. Lópezde Bello / La Paz", "theme": "transport", "subtype": "bus_stop", "lat": -33.430554, "lon": -70.6515336, "distance_m": 1393, "ring": "<=2000 m"}, "geometry": {"type": "Point", "coordinates": [-70.6515336, -33.430554]}}, {"type": "Feature", "properties": {"osm_id": "node/1175284971", "name": "Rivera / Fermin Vivaceta", "theme": "transport", "subtype": "bus_stop", "lat": -33.4267685, "lon": -70.6611971, "distance_m": 1406, "ring": "<=2000 m"}, "geometry": {"type": "Point", "coordinates": [-70.6611971, -33.4267685]}}, {"type": "Feature", "properties": {"osm_id": "node/1175575247", "name": "Borgono / Avenida Independencia", "theme": "transport", "subtype": "bus_stop", "lat": -33.4304612, "lon": -70.6532698, "distance_m": 1406, "ring": "<=2000 m"}, "geometry": {"type": "Point", "coordinates": [-70.6532698, -33.4304612]}}, {"type": "Feature", "properties": {"osm_id": "node/1175683432", "name": "Parada 2 / Iglesia Recoleta Franciscana", "theme": "transport", "subtype": "bus_stop", "lat": -33.4305304, "lon": -70.6472972, "distance_m": 1410, "ring": "<=2000 m"}, "geometry": {"type": "Point", "coordinates": [-70.6472972, -33.4305304]}}, {"type": "Feature", "properties": {"osm_id": "node/1175285245", "name": "Gamero / Esq. Fidel Monje", "theme": "transport", "subtype": "bus_stop", "lat": -33.4218822, "lon": -70.6648211, "distance_m": 1423, "ring": "<=2000 m"}, "geometry": {"type": "Point", "coordinates": [-70.6648211, -33.4218822]}}, {"type": "Feature", "properties": {"osm_id": "node/1175548372", "name": "Doctor Ostornol / Avenida El Salto", "theme": "transport", "subtype": "bus_stop", "lat": -33.4114425, "lon": -70.6370147, "distance_m": 1428, "ring": "<=2000 m"}, "geometry": {"type": "Point", "coordinates": [-70.6370147, -33.4114425]}}, {"type": "Feature", "properties": {"osm_id": "node/1175285097", "name": "Central / Fermin Vivaceta", "theme": "transport", "subtype": "bus_stop", "lat": -33.4138896, "lon": -70.6647778, "distance_m": 1432, "ring": "<=2000 m"}, "geometry": {"type": "Point", "coordinates": [-70.6647778, -33.4138896]}}, {"type": "Feature", "properties": {"osm_id": "node/1175285565", "name": "Agustín López/ Prieto", "theme": "transport", "subtype": "bus_stop", "lat": -33.4299156, "lon": -70.6562991, "distance_m": 1433, "ring": "<=2000 m"}, "geometry": {"type": "Point", "coordinates": [-70.6562991, -33.4299156]}}, {"type": "Feature", "properties": {"osm_id": "node/1175285296", "name": "Maruri / General Borgono", "theme": "transport", "subtype": "bus_stop", "lat": -33.430457, "lon": -70.6546646, "distance_m": 1438, "ring": "<=2000 m"}, "geometry": {"type": "Point", "coordinates": [-70.6546646, -33.430457]}}, {"type": "Feature", "properties": {"osm_id": "node/1175548183", "name": "Doctor Ostornol / Avenida El Salto", "theme": "transport", "subtype": "bus_stop", "lat": -33.4111638, "lon": -70.6370529, "distance_m": 1441, "ring": "<=2000 m"}, "geometry": {"type": "Point", "coordinates": [-70.6370529, -33.4111638]}}, {"type": "Feature", "properties": {"osm_id": "node/1175284702", "name": "Independencia / Artesanos", "theme": "transport", "subtype": "bus_stop", "lat": -33.430893, "lon": -70.6526281, "distance_m": 1443, "ring": "<=2000 m"}, "geometry": {"type": "Point", "coordinates": [-70.6526281, -33.430893]}}, {"type": "Feature", "properties": {"osm_id": "node/1175550799", "name": "La Paz / Artesanos", "theme": "transport", "subtype": "bus_stop", "lat": -33.4312106, "lon": -70.6512949, "distance_m": 1464, "ring": "<=2000 m"}, "geometry": {"type": "Point", "coordinates": [-70.6512949, -33.4312106]}}, {"type": "Feature", "properties": {"osm_id": "node/1175554567", "name": "PB1282-Avenida Einstein / Esq. La Colonia", "theme": "transport", "subtype": "bus_stop", "lat": -33.4051928, "lon": -70.6464539, "distance_m": 1474, "ring": "<=2000 m"}, "geometry": {"type": "Point", "coordinates": [-70.6464539, -33.4051928]}}, {"type": "Feature", "properties": {"osm_id": "node/1175282013", "name": "(M) Einstein", "theme": "transport", "subtype": "bus_stop", "lat": -33.4061726, "lon": -70.64312, "distance_m": 1478, "ring": "<=2000 m"}, "geometry": {"type": "Point", "coordinates": [-70.64312, -33.4061726]}}, {"type": "Feature", "properties": {"osm_id": "node/1175284856", "name": "Padre Las Casas / Fermin Vivaceta", "theme": "transport", "subtype": "bus_stop", "lat": -33.4135379, "lon": -70.6652051, "distance_m": 1483, "ring": "<=2000 m"}, "geometry": {"type": "Point", "coordinates": [-70.6652051, -33.4135379]}}, {"type": "Feature", "properties": {"osm_id": "node/1175554512", "name": "PB1270-Avenida Einstein / Esq. La Colonia", "theme": "transport", "subtype": "bus_stop", "lat": -33.4051404, "lon": -70.645945, "distance_m": 1492, "ring": "<=2000 m"}, "geometry": {"type": "Point", "coordinates": [-70.645945, -33.4051404]}}, {"type": "Feature", "properties": {"osm_id": "node/1175287418", "name": "PB1478-Nueva De Matte / Esq. Huasco", "theme": "transport", "subtype": "bus_stop", "lat": -33.4093551, "lon": -70.662448, "distance_m": 1495, "ring": "<=2000 m"}, "geometry": {"type": "Point", "coordinates": [-70.662448, -33.4093551]}}, {"type": "Feature", "properties": {"osm_id": "node/1175549083", "name": "PB1300-Loreto / Esq. Los Vecinos", "theme": "transport", "subtype": "bus_stop", "lat": -33.4295605, "lon": -70.641795, "distance_m": 1495, "ring": "<=2000 m"}, "geometry": {"type": "Point", "coordinates": [-70.641795, -33.4295605]}}, {"type": "Feature", "properties": {"osm_id": "node/1175282100", "name": "(M) Einstein", "theme": "transport", "subtype": "bus_stop", "lat": -33.4057469, "lon": -70.6437294, "distance_m": 1497, "ring": "<=2000 m"}, "geometry": {"type": "Point", "coordinates": [-70.6437294, -33.4057469]}}, {"type": "Feature", "properties": {"osm_id": "node/12045232497", "name": "Einstein", "theme": "transport", "subtype": "stop_position", "lat": -33.4059444, "lon": -70.6431939, "distance_m": 1497, "ring": "<=2000 m"}, "geometry": {"type": "Point", "coordinates": [-70.6431939, -33.4059444]}}, {"type": "Feature", "properties": {"osm_id": "node/944490452", "name": "Einstein", "theme": "transport", "subtype": "station", "lat": -33.4059459, "lon": -70.6431738, "distance_m": 1498, "ring": "<=2000 m"}, "geometry": {"type": "Point", "coordinates": [-70.6431738, -33.4059459]}}, {"type": "Feature", "properties": {"osm_id": "node/1175552683", "name": "PB1302-Arzobispo Valdivieso / Esq. Francisco Silva", "theme": "transport", "subtype": "bus_stop", "lat": -33.4125947, "lon": -70.6354194, "distance_m": 1500, "ring": "<=2000 m"}, "geometry": {"type": "Point", "coordinates": [-70.6354194, -33.4125947]}}, {"type": "Feature", "properties": {"osm_id": "node/1175554563", "name": "PB1281-Avenida Einstein / Esq. Obispo Del Pozo", "theme": "transport", "subtype": "bus_stop", "lat": -33.4045744, "lon": -70.6494768, "distance_m": 1503, "ring": "<=2000 m"}, "geometry": {"type": "Point", "coordinates": [-70.6494768, -33.4045744]}}, {"type": "Feature", "properties": {"osm_id": "node/1175285800", "name": "Salomón Sack / Esq. Gamero", "theme": "transport", "subtype": "bus_stop", "lat": -33.4218334, "lon": -70.6657966, "distance_m": 1508, "ring": "<=2000 m"}, "geometry": {"type": "Point", "coordinates": [-70.6657966, -33.4218334]}}, {"type": "Feature", "properties": {"osm_id": "node/1175282079", "name": "(M) Einstein", "theme": "transport", "subtype": "bus_stop", "lat": -33.4055728, "lon": -70.6438831, "distance_m": 1509, "ring": "<=2000 m"}, "geometry": {"type": "Point", "coordinates": [-70.6438831, -33.4055728]}}, {"type": "Feature", "properties": {"osm_id": "node/4263325603", "name": "Einstein", "theme": "transport", "subtype": "subway_entrance", "lat": -33.4056464, "lon": -70.6436471, "distance_m": 1510, "ring": "<=2000 m"}, "geometry": {"type": "Point", "coordinates": [-70.6436471, -33.4056464]}}, {"type": "Feature", "properties": {"osm_id": "node/1175287507", "name": "PB1476-Nueva De Matte / Esq. Huasco", "theme": "transport", "subtype": "bus_stop", "lat": -33.4094132, "lon": -70.6627285, "distance_m": 1511, "ring": "<=2000 m"}, "geometry": {"type": "Point", "coordinates": [-70.6627285, -33.4094132]}}, {"type": "Feature", "properties": {"osm_id": "node/4263325602", "name": "Einstein", "theme": "transport", "subtype": "subway_entrance", "lat": -33.4056654, "lon": -70.6435382, "distance_m": 1512, "ring": "<=2000 m"}, "geometry": {"type": "Point", "coordinates": [-70.6435382, -33.4056654]}}, {"type": "Feature", "properties": {"osm_id": "node/1175554503", "name": "PB1271-Avenida Einstein / Esq. Obispo Del Pozo", "theme": "transport", "subtype": "bus_stop", "lat": -33.4044823, "lon": -70.6490659, "distance_m": 1516, "ring": "<=2000 m"}, "geometry": {"type": "Point", "coordinates": [-70.6490659, -33.4044823]}}, {"type": "Feature", "properties": {"osm_id": "node/1175683284", "name": "Parada 3 / Iglesia Recoleta Franciscana", "theme": "transport", "subtype": "bus_stop", "lat": -33.4316137, "lon": -70.6480041, "distance_m": 1518, "ring": "<=2000 m"}, "geometry": {"type": "Point", "coordinates": [-70.6480041, -33.4316137]}}, {"type": "Feature", "properties": {"osm_id": "node/1175552533", "name": "PB1297-Arzobispo Valdivieso / Esq. Francisco Silva", "theme": "transport", "subtype": "bus_stop", "lat": -33.4124062, "lon": -70.6351589, "distance_m": 1531, "ring": "<=2000 m"}, "geometry": {"type": "Point", "coordinates": [-70.6351589, -33.4124062]}}, {"type": "Feature", "properties": {"osm_id": "node/1175619588", "name": "Estación Mapocho", "theme": "transport", "subtype": "bus_stop", "lat": -33.4315973, "lon": -70.6533325, "distance_m": 1531, "ring": "<=2000 m"}, "geometry": {"type": "Point", "coordinates": [-70.6533325, -33.4315973]}}, {"type": "Feature", "properties": {"osm_id": "node/11964137114", "name": "(M) Plaza Chacabuco", "theme": "transport", "subtype": "bus_stop", "lat": -33.4074858, "lon": -70.6607406, "distance_m": 1532, "ring": "<=2000 m"}, "geometry": {"type": "Point", "coordinates": [-70.6607406, -33.4074858]}}, {"type": "Feature", "properties": {"osm_id": "node/11941168360", "name": "Estación Mapocho", "theme": "transport", "subtype": "bus_stop", "lat": -33.4318822, "lon": -70.6520897, "distance_m": 1545, "ring": "<=2000 m"}, "geometry": {"type": "Point", "coordinates": [-70.6520897, -33.4318822]}}, {"type": "Feature", "properties": {"osm_id": "node/1175282003", "name": "(M) Einstein", "theme": "transport", "subtype": "bus_stop", "lat": -33.4054142, "lon": -70.6432405, "distance_m": 1549, "ring": "<=2000 m"}, "geometry": {"type": "Point", "coordinates": [-70.6432405, -33.4054142]}}, {"type": "Feature", "properties": {"osm_id": "node/1175683390", "name": "Parada 4 / Iglesia Recoleta Franciscana", "theme": "transport", "subtype": "bus_stop", "lat": -33.4318484, "lon": -70.6476348, "distance_m": 1549, "ring": "<=2000 m"}, "geometry": {"type": "Point", "coordinates": [-70.6476348, -33.4318484]}}, {"type": "Feature", "properties": {"osm_id": "node/1175548838", "name": "(M) Einstein", "theme": "transport", "subtype": "bus_stop", "lat": -33.4056248, "lon": -70.6426916, "distance_m": 1550, "ring": "<=2000 m"}, "geometry": {"type": "Point", "coordinates": [-70.6426916, -33.4056248]}}, {"type": "Feature", "properties": {"osm_id": "node/1175554420", "name": "PB1267-Coronel Del Canto / Esq. Lircay", "theme": "transport", "subtype": "bus_stop", "lat": -33.4060385, "lon": -70.640969, "distance_m": 1589, "ring": "<=2000 m"}, "geometry": {"type": "Point", "coordinates": [-70.640969, -33.4060385]}}, {"type": "Feature", "properties": {"osm_id": "node/1175554556", "name": "PB1280-Avenida Einstein / Esq. La Conquista", "theme": "transport", "subtype": "bus_stop", "lat": -33.4039133, "lon": -70.6528805, "distance_m": 1595, "ring": "<=2000 m"}, "geometry": {"type": "Point", "coordinates": [-70.6528805, -33.4039133]}}, {"type": "Feature", "properties": {"osm_id": "node/1175682919", "name": "PB1576-Parada 1 / Recoleta Franciscana", "theme": "transport", "subtype": "bus_stop", "lat": -33.4324144, "lon": -70.648575, "distance_m": 1601, "ring": "<=2000 m"}, "geometry": {"type": "Point", "coordinates": [-70.648575, -33.4324144]}}, {"type": "Feature", "properties": {"osm_id": "node/1175278865", "name": "Estación Mapocho", "theme": "transport", "subtype": "bus_stop", "lat": -33.4322939, "lon": -70.6530729, "distance_m": 1603, "ring": "<=2000 m"}, "geometry": {"type": "Point", "coordinates": [-70.6530729, -33.4322939]}}, {"type": "Feature", "properties": {"osm_id": "node/1175278880", "name": "Estación Mapocho", "theme": "transport", "subtype": "bus_stop", "lat": -33.4322761, "lon": -70.6531916, "distance_m": 1603, "ring": "<=2000 m"}, "geometry": {"type": "Point", "coordinates": [-70.6531916, -33.4322761]}}, {"type": "Feature", "properties": {"osm_id": "node/1175554485", "name": "PB1272-Avenida Einstein / Esq. La Conquista", "theme": "transport", "subtype": "bus_stop", "lat": -33.4037943, "lon": -70.652548, "distance_m": 1604, "ring": "<=2000 m"}, "geometry": {"type": "Point", "coordinates": [-70.652548, -33.4037943]}}, {"type": "Feature", "properties": {"osm_id": "node/1175549047", "name": "PB1600-Lircay / Esq. Coronel Del Canto", "theme": "transport", "subtype": "bus_stop", "lat": -33.4057344, "lon": -70.641236, "distance_m": 1605, "ring": "<=2000 m"}, "geometry": {"type": "Point", "coordinates": [-70.641236, -33.4057344]}}, {"type": "Feature", "properties": {"osm_id": "node/12046982683", "name": "Plaza Chacabuco", "theme": "transport", "subtype": "stop_position", "lat": -33.406767, "lon": -70.6609511, "distance_m": 1606, "ring": "<=2000 m"}, "geometry": {"type": "Point", "coordinates": [-70.6609511, -33.406767]}}, {"type": "Feature", "properties": {"osm_id": "node/6228531280", "name": "Plaza Chacabuco", "theme": "transport", "subtype": "station", "lat": -33.4067715, "lon": -70.6609686, "distance_m": 1607, "ring": "<=2000 m"}, "geometry": {"type": "Point", "coordinates": [-70.6609686, -33.4067715]}}, {"type": "Feature", "properties": {"osm_id": "node/1175285053", "name": "Francia / Fermin Vivaceta", "theme": "transport", "subtype": "bus_stop", "lat": -33.4116468, "lon": -70.6657134, "distance_m": 1609, "ring": "<=2000 m"}, "geometry": {"type": "Point", "coordinates": [-70.6657134, -33.4116468]}}, {"type": "Feature", "properties": {"osm_id": "node/10707331749", "name": "Puente la Paz", "theme": "transport", "subtype": "subway_entrance", "lat": -33.4325082, "lon": -70.6514966, "distance_m": 1609, "ring": "<=2000 m"}, "geometry": {"type": "Point", "coordinates": [-70.6514966, -33.4325082]}}, {"type": "Feature", "properties": {"osm_id": "node/1175619498", "name": "Puente Recoleta / Santa María", "theme": "transport", "subtype": "bus_stop", "lat": -33.4325508, "lon": -70.6489131, "distance_m": 1613, "ring": "<=2000 m"}, "geometry": {"type": "Point", "coordinates": [-70.6489131, -33.4325508]}}, {"type": "Feature", "properties": {"osm_id": "node/7006679587", "name": "Santa Laura", "theme": "transport", "subtype": "subway_entrance", "lat": -33.4065526, "lon": -70.6608527, "distance_m": 1620, "ring": "<=2000 m"}, "geometry": {"type": "Point", "coordinates": [-70.6608527, -33.4065526]}}, {"type": "Feature", "properties": {"osm_id": "node/1175285786", "name": "Salomón Sack / Esq. El Pino", "theme": "transport", "subtype": "bus_stop", "lat": -33.4211831, "lon": -70.6672735, "distance_m": 1623, "ring": "<=2000 m"}, "geometry": {"type": "Point", "coordinates": [-70.6672735, -33.4211831]}}, {"type": "Feature", "properties": {"osm_id": "node/1175279084", "name": "Estación Mapocho", "theme": "transport", "subtype": "bus_stop", "lat": -33.4327237, "lon": -70.6507839, "distance_m": 1629, "ring": "<=2000 m"}, "geometry": {"type": "Point", "coordinates": [-70.6507839, -33.4327237]}}, {"type": "Feature", "properties": {"osm_id": "way/1274178232", "name": "Platform", "theme": "transport", "subtype": "platform", "lat": -33.4325306, "lon": -70.6531847, "distance_m": 1631, "ring": "<=2000 m"}, "geometry": {"type": "Point", "coordinates": [-70.6531847, -33.4325306]}}, {"type": "Feature", "properties": {"osm_id": "node/2838751834", "name": "Plaza de la Cultura", "theme": "transport", "subtype": "subway_entrance", "lat": -33.4325254, "lon": -70.6533665, "distance_m": 1633, "ring": "<=2000 m"}, "geometry": {"type": "Point", "coordinates": [-70.6533665, -33.4325254]}}, {"type": "Feature", "properties": {"osm_id": "way/1274178231", "name": "Platform", "theme": "transport", "subtype": "platform", "lat": -33.4325386, "lon": -70.6533257, "distance_m": 1634, "ring": "<=2000 m"}, "geometry": {"type": "Point", "coordinates": [-70.6533257, -33.4325386]}}, {"type": "Feature", "properties": {"osm_id": "node/1175284830", "name": "Juliet / Fermin Vivaceta", "theme": "transport", "subtype": "bus_stop", "lat": -33.4114461, "lon": -70.6659157, "distance_m": 1636, "ring": "<=2000 m"}, "geometry": {"type": "Point", "coordinates": [-70.6659157, -33.4114461]}}, {"type": "Feature", "properties": {"osm_id": "node/1175285713", "name": "Salomón Sack / Esq. La Obra", "theme": "transport", "subtype": "bus_stop", "lat": -33.4209487, "lon": -70.6675046, "distance_m": 1639, "ring": "<=2000 m"}, "geometry": {"type": "Point", "coordinates": [-70.6675046, -33.4209487]}}, {"type": "Feature", "properties": {"osm_id": "node/1175575412", "name": "(M) Plaza Chacabuco", "theme": "transport", "subtype": "bus_stop", "lat": -33.4070835, "lon": -70.6619374, "distance_m": 1639, "ring": "<=2000 m"}, "geometry": {"type": "Point", "coordinates": [-70.6619374, -33.4070835]}}, {"type": "Feature", "properties": {"osm_id": "node/1175279078", "name": "Estación Mapocho", "theme": "transport", "subtype": "bus_stop", "lat": -33.4329111, "lon": -70.6499999, "distance_m": 1649, "ring": "<=2000 m"}, "geometry": {"type": "Point", "coordinates": [-70.6499999, -33.4329111]}}, {"type": "Feature", "properties": {"osm_id": "node/1175279099", "name": "Estación Mapocho", "theme": "transport", "subtype": "bus_stop", "lat": -33.4327491, "lon": -70.6528161, "distance_m": 1649, "ring": "<=2000 m"}, "geometry": {"type": "Point", "coordinates": [-70.6528161, -33.4327491]}}, {"type": "Feature", "properties": {"osm_id": "node/1175574994", "name": "(M) Plaza Chacabuco", "theme": "transport", "subtype": "bus_stop", "lat": -33.4066131, "lon": -70.6614576, "distance_m": 1649, "ring": "<=2000 m"}, "geometry": {"type": "Point", "coordinates": [-70.6614576, -33.4066131]}}, {"type": "Feature", "properties": {"osm_id": "way/1274178230", "name": "Platform", "theme": "transport", "subtype": "platform", "lat": -33.4327506, "lon": -70.6529539, "distance_m": 1651, "ring": "<=2000 m"}, "geometry": {"type": "Point", "coordinates": [-70.6529539, -33.4327506]}}, {"type": "Feature", "properties": {"osm_id": "node/5227884075", "name": "Puente Cal y Canto", "theme": "transport", "subtype": "stop_position", "lat": -33.4327857, "lon": -70.652999, "distance_m": 1656, "ring": "<=2000 m"}, "geometry": {"type": "Point", "coordinates": [-70.652999, -33.4327857]}}, {"type": "Feature", "properties": {"osm_id": "node/4519756989", "name": "Puente Cal y Canto", "theme": "transport", "subtype": "stop_position", "lat": -33.4327609, "lon": -70.6532268, "distance_m": 1657, "ring": "<=2000 m"}, "geometry": {"type": "Point", "coordinates": [-70.6532268, -33.4327609]}}, {"type": "Feature", "properties": {"osm_id": "node/12046982888", "name": "Puente Cal y Canto", "theme": "transport", "subtype": "stop_position", "lat": -33.4327619, "lon": -70.6532644, "distance_m": 1657, "ring": "<=2000 m"}, "geometry": {"type": "Point", "coordinates": [-70.6532644, -33.4327619]}}, {"type": "Feature", "properties": {"osm_id": "node/1175287956", "name": "PB1320-Domingo Santa María / Esq. Hnos. Amunátegui", "theme": "transport", "subtype": "bus_stop", "lat": -33.4155115, "lon": -70.6678159, "distance_m": 1661, "ring": "<=2000 m"}, "geometry": {"type": "Point", "coordinates": [-70.6678159, -33.4155115]}}, {"type": "Feature", "properties": {"osm_id": "node/6506316370", "name": "Puente Cal y Canto", "theme": "transport", "subtype": "station", "lat": -33.4328384, "lon": -70.6530774, "distance_m": 1663, "ring": "<=2000 m"}, "geometry": {"type": "Point", "coordinates": [-70.6530774, -33.4328384]}}, {"type": "Feature", "properties": {"osm_id": "node/1175287819", "name": "PB1329-Domingo Santa María / Esq. Luis Weinstein", "theme": "transport", "subtype": "bus_stop", "lat": -33.4154241, "lon": -70.667834, "distance_m": 1664, "ring": "<=2000 m"}, "geometry": {"type": "Point", "coordinates": [-70.667834, -33.4154241]}}, {"type": "Feature", "properties": {"osm_id": "way/1274178229", "name": "Platform", "theme": "transport", "subtype": "platform", "lat": -33.4328684, "lon": -70.652956, "distance_m": 1664, "ring": "<=2000 m"}, "geometry": {"type": "Point", "coordinates": [-70.652956, -33.4328684]}}, {"type": "Feature", "properties": {"osm_id": "node/1175549073", "name": "PB1299-Loreto / Esq. A. López De Bello", "theme": "transport", "subtype": "bus_stop", "lat": -33.4314678, "lon": -70.6420703, "distance_m": 1668, "ring": "<=2000 m"}, "geometry": {"type": "Point", "coordinates": [-70.6420703, -33.4314678]}}, {"type": "Feature", "properties": {"osm_id": "node/1175624209", "name": "Av. Pdte. Balmaceda / esq. Hnos. Amunátegui", "theme": "transport", "subtype": "bus_stop", "lat": -33.4318842, "lon": -70.6572937, "distance_m": 1671, "ring": "<=2000 m"}, "geometry": {"type": "Point", "coordinates": [-70.6572937, -33.4318842]}}, {"type": "Feature", "properties": {"osm_id": "node/1175686127", "name": "Patronato / Avenida Bellavista", "theme": "transport", "subtype": "bus_stop", "lat": -33.4326477, "lon": -70.6457811, "distance_m": 1671, "ring": "<=2000 m"}, "geometry": {"type": "Point", "coordinates": [-70.6457811, -33.4326477]}}, {"type": "Feature", "properties": {"osm_id": "node/1175279124", "name": "Estación Mapocho", "theme": "transport", "subtype": "bus_stop", "lat": -33.4330066, "lon": -70.6523743, "distance_m": 1672, "ring": "<=2000 m"}, "geometry": {"type": "Point", "coordinates": [-70.6523743, -33.4330066]}}, {"type": "Feature", "properties": {"osm_id": "node/11053945403", "name": "Bus Stop", "theme": "transport", "subtype": "bus_stop", "lat": -33.4091874, "lon": -70.6647076, "distance_m": 1672, "ring": "<=2000 m"}, "geometry": {"type": "Point", "coordinates": [-70.6647076, -33.4091874]}}, {"type": "Feature", "properties": {"osm_id": "node/1175548103", "name": "Patria Vieja / Avenida El Salto", "theme": "transport", "subtype": "bus_stop", "lat": -33.4090612, "lon": -70.6356161, "distance_m": 1684, "ring": "<=2000 m"}, "geometry": {"type": "Point", "coordinates": [-70.6356161, -33.4090612]}}, {"type": "Feature", "properties": {"osm_id": "node/1175554524", "name": "PB1266-Avenida Einstein / Esq. Albano", "theme": "transport", "subtype": "bus_stop", "lat": -33.4062794, "lon": -70.6388134, "distance_m": 1684, "ring": "<=2000 m"}, "geometry": {"type": "Point", "coordinates": [-70.6388134, -33.4062794]}}, {"type": "Feature", "properties": {"osm_id": "node/10288131057", "name": "Puente Cal y Canto", "theme": "transport", "subtype": "stop_position", "lat": -33.4332068, "lon": -70.6511987, "distance_m": 1685, "ring": "<=2000 m"}, "geometry": {"type": "Point", "coordinates": [-70.6511987, -33.4332068]}}, {"type": "Feature", "properties": {"osm_id": "node/1175279153", "name": "Estación Mapocho", "theme": "transport", "subtype": "bus_stop", "lat": -33.4331343, "lon": -70.6525952, "distance_m": 1689, "ring": "<=2000 m"}, "geometry": {"type": "Point", "coordinates": [-70.6525952, -33.4331343]}}, {"type": "Feature", "properties": {"osm_id": "node/1175575707", "name": "Canales / Presidente Eduardo Frei Montalva", "theme": "transport", "subtype": "bus_stop", "lat": -33.4277833, "lon": -70.6642201, "distance_m": 1691, "ring": "<=2000 m"}, "geometry": {"type": "Point", "coordinates": [-70.6642201, -33.4277833]}}, {"type": "Feature", "properties": {"osm_id": "node/2838751840", "name": "General Mackenna Oriente", "theme": "transport", "subtype": "subway_entrance", "lat": -33.4331499, "lon": -70.6530274, "distance_m": 1696, "ring": "<=2000 m"}, "geometry": {"type": "Point", "coordinates": [-70.6530274, -33.4331499]}}, {"type": "Feature", "properties": {"osm_id": "node/1175279113", "name": "Mercado Central", "theme": "transport", "subtype": "bus_stop", "lat": -33.4332794, "lon": -70.6484339, "distance_m": 1698, "ring": "<=2000 m"}, "geometry": {"type": "Point", "coordinates": [-70.6484339, -33.4332794]}}, {"type": "Feature", "properties": {"osm_id": "node/1259065987", "name": "Puente", "theme": "transport", "subtype": "subway_entrance", "lat": -33.4333408, "lon": -70.6519437, "distance_m": 1705, "ring": "<=2000 m"}, "geometry": {"type": "Point", "coordinates": [-70.6519437, -33.4333408]}}, {"type": "Feature", "properties": {"osm_id": "node/939230033", "name": "General Mackenna Poniente", "theme": "transport", "subtype": "subway_entrance", "lat": -33.433185, "lon": -70.6534286, "distance_m": 1706, "ring": "<=2000 m"}, "geometry": {"type": "Point", "coordinates": [-70.6534286, -33.433185]}}, {"type": "Feature", "properties": {"osm_id": "node/1175554474", "name": "PB1273-Avenida Einstein / Esq. La Quintrala", "theme": "transport", "subtype": "bus_stop", "lat": -33.4032616, "lon": -70.6551302, "distance_m": 1710, "ring": "<=2000 m"}, "geometry": {"type": "Point", "coordinates": [-70.6551302, -33.4032616]}}, {"type": "Feature", "properties": {"osm_id": "node/1175548895", "name": "PB1284-Lircay / Esq. Albano", "theme": "transport", "subtype": "bus_stop", "lat": -33.4056686, "lon": -70.6392288, "distance_m": 1714, "ring": "<=2000 m"}, "geometry": {"type": "Point", "coordinates": [-70.6392288, -33.4056686]}}, {"type": "Feature", "properties": {"osm_id": "node/1175279006", "name": "Mercado Central", "theme": "transport", "subtype": "bus_stop", "lat": -33.4334951, "lon": -70.6489498, "distance_m": 1718, "ring": "<=2000 m"}, "geometry": {"type": "Point", "coordinates": [-70.6489498, -33.4334951]}}, {"type": "Feature", "properties": {"osm_id": "node/1175279063", "name": "Estación Mapocho", "theme": "transport", "subtype": "bus_stop", "lat": -33.4332204, "lon": -70.6540694, "distance_m": 1722, "ring": "<=2000 m"}, "geometry": {"type": "Point", "coordinates": [-70.6540694, -33.4332204]}}, {"type": "Feature", "properties": {"osm_id": "node/13427407165", "name": "Mercado Central", "theme": "transport", "subtype": "bus_stop", "lat": -33.4335656, "lon": -70.6489724, "distance_m": 1726, "ring": "<=2000 m"}, "geometry": {"type": "Point", "coordinates": [-70.6489724, -33.4335656]}}, {"type": "Feature", "properties": {"osm_id": "node/1175552691", "name": "PB1303-Arzobispo Valdivieso / Esq. Comandante Véliz", "theme": "transport", "subtype": "bus_stop", "lat": -33.4115716, "lon": -70.633255, "distance_m": 1730, "ring": "<=2000 m"}, "geometry": {"type": "Point", "coordinates": [-70.633255, -33.4115716]}}, {"type": "Feature", "properties": {"osm_id": "node/1175554583", "name": "PB1279-Avenida Einstein / Esq. La Quintrala", "theme": "transport", "subtype": "bus_stop", "lat": -33.403253, "lon": -70.6559165, "distance_m": 1732, "ring": "<=2000 m"}, "geometry": {"type": "Point", "coordinates": [-70.6559165, -33.403253]}}, {"type": "Feature", "properties": {"osm_id": "node/11964137226", "name": "(M) Plaza Chacabuco", "theme": "transport", "subtype": "bus_stop", "lat": -33.4057816, "lon": -70.661668, "distance_m": 1734, "ring": "<=2000 m"}, "geometry": {"type": "Point", "coordinates": [-70.661668, -33.4057816]}}, {"type": "Feature", "properties": {"osm_id": "node/1175279107", "name": "Mercado Central", "theme": "transport", "subtype": "bus_stop", "lat": -33.4335277, "lon": -70.6474948, "distance_m": 1736, "ring": "<=2000 m"}, "geometry": {"type": "Point", "coordinates": [-70.6474948, -33.4335277]}}, {"type": "Feature", "properties": {"osm_id": "node/1175619738", "name": "Estación Mapocho", "theme": "transport", "subtype": "bus_stop", "lat": -33.4335811, "lon": -70.6530993, "distance_m": 1745, "ring": "<=2000 m"}, "geometry": {"type": "Point", "coordinates": [-70.6530993, -33.4335811]}}, {"type": "Feature", "properties": {"osm_id": "node/8623607759", "name": "Plaza México", "theme": "transport", "subtype": "bus_stop", "lat": -33.4238701, "lon": -70.6327071, "distance_m": 1745, "ring": "<=2000 m"}, "geometry": {"type": "Point", "coordinates": [-70.6327071, -33.4238701]}}, {"type": "Feature", "properties": {"osm_id": "node/1175554161", "name": "PB1509-Av. Card. José Mª Caro / Esq. Avenida Recoleta", "theme": "transport", "subtype": "bus_stop", "lat": -33.4034745, "lon": -70.643197, "distance_m": 1749, "ring": "<=2000 m"}, "geometry": {"type": "Point", "coordinates": [-70.643197, -33.4034745]}}, {"type": "Feature", "properties": {"osm_id": "node/1175683458", "name": "José María Caro / Avenida Recoleta", "theme": "transport", "subtype": "bus_stop", "lat": -33.4035192, "lon": -70.6429152, "distance_m": 1754, "ring": "<=2000 m"}, "geometry": {"type": "Point", "coordinates": [-70.6429152, -33.4035192]}}, {"type": "Feature", "properties": {"osm_id": "node/1175619528", "name": "Puente Patronato / Santa María", "theme": "transport", "subtype": "bus_stop", "lat": -33.4334119, "lon": -70.6454157, "distance_m": 1761, "ring": "<=2000 m"}, "geometry": {"type": "Point", "coordinates": [-70.6454157, -33.4334119]}}, {"type": "Feature", "properties": {"osm_id": "node/1175552044", "name": "Santa Filomena / Purísima", "theme": "transport", "subtype": "bus_stop", "lat": -33.4303147, "lon": -70.6381108, "distance_m": 1763, "ring": "<=2000 m"}, "geometry": {"type": "Point", "coordinates": [-70.6381108, -33.4303147]}}, {"type": "Feature", "properties": {"osm_id": "node/1175552552", "name": "PB1296-Arzobispo Valdivieso / Esq. Comandante Véliz", "theme": "transport", "subtype": "bus_stop", "lat": -33.4114456, "lon": -70.632832, "distance_m": 1772, "ring": "<=2000 m"}, "geometry": {"type": "Point", "coordinates": [-70.632832, -33.4114456]}}, {"type": "Feature", "properties": {"osm_id": "node/3459497773", "name": "Bikesantiago", "theme": "transport", "subtype": "bicycle_rental", "lat": -33.4333193, "lon": -70.6558821, "distance_m": 1775, "ring": "<=2000 m"}, "geometry": {"type": "Point", "coordinates": [-70.6558821, -33.4333193]}}, {"type": "Feature", "properties": {"osm_id": "node/1175683045", "name": "José María Caro / Avenida Recoleta", "theme": "transport", "subtype": "bus_stop", "lat": -33.4031458, "lon": -70.6430933, "distance_m": 1786, "ring": "<=2000 m"}, "geometry": {"type": "Point", "coordinates": [-70.6430933, -33.4031458]}}, {"type": "Feature", "properties": {"osm_id": "node/1175553996", "name": "PB1397-Av. Card. José Mª Caro / Esq. Gabriel Palma", "theme": "transport", "subtype": "bus_stop", "lat": -33.4029114, "lon": -70.643721, "distance_m": 1790, "ring": "<=2000 m"}, "geometry": {"type": "Point", "coordinates": [-70.643721, -33.4029114]}}, {"type": "Feature", "properties": {"osm_id": "node/1175279148", "name": "Mercado Central", "theme": "transport", "subtype": "bus_stop", "lat": -33.4341137, "lon": -70.6481037, "distance_m": 1793, "ring": "<=2000 m"}, "geometry": {"type": "Point", "coordinates": [-70.6481037, -33.4341137]}}, {"type": "Feature", "properties": {"osm_id": "node/1175548338", "name": "México / Avenida El Salto", "theme": "transport", "subtype": "bus_stop", "lat": -33.4083389, "lon": -70.6347855, "distance_m": 1793, "ring": "<=2000 m"}, "geometry": {"type": "Point", "coordinates": [-70.6347855, -33.4083389]}}, {"type": "Feature", "properties": {"osm_id": "node/1175686091", "name": "Loreto / Avenida Bellavista", "theme": "transport", "subtype": "bus_stop", "lat": -33.4332021, "lon": -70.6434278, "distance_m": 1795, "ring": "<=2000 m"}, "geometry": {"type": "Point", "coordinates": [-70.6434278, -33.4332021]}}, {"type": "Feature", "properties": {"osm_id": "node/1175285699", "name": "Salomón Sack / Esq. Soberanía", "theme": "transport", "subtype": "bus_stop", "lat": -33.4201243, "lon": -70.669445, "distance_m": 1802, "ring": "<=2000 m"}, "geometry": {"type": "Point", "coordinates": [-70.669445, -33.4201243]}}, {"type": "Feature", "properties": {"osm_id": "node/1175554532", "name": "PB1265-Avenida Einstein / Esq. El Guanaco", "theme": "transport", "subtype": "bus_stop", "lat": -33.4028825, "lon": -70.6570174, "distance_m": 1805, "ring": "<=2000 m"}, "geometry": {"type": "Point", "coordinates": [-70.6570174, -33.4028825]}}, {"type": "Feature", "properties": {"osm_id": "node/573732528", "name": "Cumbre", "theme": "transport", "subtype": "station", "lat": -33.4265415, "lon": -70.6335106, "distance_m": 1811, "ring": "<=2000 m"}, "geometry": {"type": "Point", "coordinates": [-70.6335106, -33.4265415]}}, {"type": "Feature", "properties": {"osm_id": "node/1175285045", "name": "Nueva de Matte / Fermin Vivaceta", "theme": "transport", "subtype": "bus_stop", "lat": -33.4091548, "lon": -70.6665887, "distance_m": 1817, "ring": "<=2000 m"}, "geometry": {"type": "Point", "coordinates": [-70.6665887, -33.4091548]}}, {"type": "Feature", "properties": {"osm_id": "node/1043706766", "name": "Cumbre", "theme": "transport", "subtype": "station", "lat": -33.4249098, "lon": -70.6323907, "distance_m": 1818, "ring": "<=2000 m"}, "geometry": {"type": "Point", "coordinates": [-70.6323907, -33.4249098]}}, {"type": "Feature", "properties": {"osm_id": "node/1175550711", "name": "PB1309-Avenida México / Esq. Avenida El Salto", "theme": "transport", "subtype": "bus_stop", "lat": -33.4080616, "lon": -70.634685, "distance_m": 1820, "ring": "<=2000 m"}, "geometry": {"type": "Point", "coordinates": [-70.634685, -33.4080616]}}, {"type": "Feature", "properties": {"osm_id": "node/1175284763", "name": "PB1278-Avenida Einstein / Esq. Avenida El Guanaco", "theme": "transport", "subtype": "bus_stop", "lat": -33.4029352, "lon": -70.657855, "distance_m": 1828, "ring": "<=2000 m"}, "geometry": {"type": "Point", "coordinates": [-70.657855, -33.4029352]}}, {"type": "Feature", "properties": {"osm_id": "node/1175548096", "name": "México / Avenida El Salto", "theme": "transport", "subtype": "bus_stop", "lat": -33.4077893, "lon": -70.6348111, "distance_m": 1829, "ring": "<=2000 m"}, "geometry": {"type": "Point", "coordinates": [-70.6348111, -33.4077893]}}, {"type": "Feature", "properties": {"osm_id": "node/1175287396", "name": "PB1479-Nueva De Matte / Esq. Av. Fermín Vivaceta", "theme": "transport", "subtype": "bus_stop", "lat": -33.4088881, "lon": -70.666592, "distance_m": 1834, "ring": "<=2000 m"}, "geometry": {"type": "Point", "coordinates": [-70.666592, -33.4088881]}}, {"type": "Feature", "properties": {"osm_id": "node/1175627409", "name": "Hermanos Amunátegui / esq. General Mackenna", "theme": "transport", "subtype": "bus_stop", "lat": -33.4334581, "lon": -70.6574104, "distance_m": 1837, "ring": "<=2000 m"}, "geometry": {"type": "Point", "coordinates": [-70.6574104, -33.4334581]}}, {"type": "Feature", "properties": {"osm_id": "node/1175285770", "name": "Salomón Sack / Esq. Soberanía", "theme": "transport", "subtype": "bus_stop", "lat": -33.420054, "lon": -70.6699244, "distance_m": 1845, "ring": "<=2000 m"}, "geometry": {"type": "Point", "coordinates": [-70.6699244, -33.420054]}}, {"type": "Feature", "properties": {"osm_id": "node/12511688827", "name": "Plaza México", "theme": "transport", "subtype": "station", "lat": -33.4227047, "lon": -70.6310776, "distance_m": 1847, "ring": "<=2000 m"}, "geometry": {"type": "Point", "coordinates": [-70.6310776, -33.4227047]}}, {"type": "Feature", "properties": {"osm_id": "node/1175575464", "name": "Parada 4 / Avenida Einstein - Avenida Independencia", "theme": "transport", "subtype": "bus_stop", "lat": -33.404814, "lon": -70.6622718, "distance_m": 1853, "ring": "<=2000 m"}, "geometry": {"type": "Point", "coordinates": [-70.6622718, -33.404814]}}, {"type": "Feature", "properties": {"osm_id": "node/1175575638", "name": "PB1525-Av. Edo. Frei Montalva / Esq. Carlos Medina", "theme": "transport", "subtype": "bus_stop", "lat": -33.4266921, "lon": -70.667342, "distance_m": 1858, "ring": "<=2000 m"}, "geometry": {"type": "Point", "coordinates": [-70.667342, -33.4266921]}}, {"type": "Feature", "properties": {"osm_id": "node/1175554130", "name": "PB1508-Av. Card. José Mª Caro / Esq. Ob. Cristóbal Molina", "theme": "transport", "subtype": "bus_stop", "lat": -33.4018034, "lon": -70.645346, "distance_m": 1865, "ring": "<=2000 m"}, "geometry": {"type": "Point", "coordinates": [-70.645346, -33.4018034]}}, {"type": "Feature", "properties": {"osm_id": "node/1175287488", "name": "PB1475-Nueva De Matte / Esq. Av. Fermín Vivaceta", "theme": "transport", "subtype": "bus_stop", "lat": -33.4089261, "lon": -70.667064, "distance_m": 1868, "ring": "<=2000 m"}, "geometry": {"type": "Point", "coordinates": [-70.667064, -33.4089261]}}, {"type": "Feature", "properties": {"osm_id": "node/1175287629", "name": "PB1566-Avenida El Guanaco / Esq. Avenida Einstein", "theme": "transport", "subtype": "bus_stop", "lat": -33.4025012, "lon": -70.6578161, "distance_m": 1871, "ring": "<=2000 m"}, "geometry": {"type": "Point", "coordinates": [-70.6578161, -33.4025012]}}, {"type": "Feature", "properties": {"osm_id": "node/1175627664", "name": "Miraflores / esq. Av. Card. José Mª Caro", "theme": "transport", "subtype": "bus_stop", "lat": -33.4344668, "lon": -70.6455683, "distance_m": 1872, "ring": "<=2000 m"}, "geometry": {"type": "Point", "coordinates": [-70.6455683, -33.4344668]}}, {"type": "Feature", "properties": {"osm_id": "node/3459497774", "name": "San Martín / General Mackenna", "theme": "transport", "subtype": "bicycle_rental", "lat": -33.4333758, "lon": -70.6586982, "distance_m": 1875, "ring": "<=2000 m"}, "geometry": {"type": "Point", "coordinates": [-70.6586982, -33.4333758]}}, {"type": "Feature", "properties": {"osm_id": "node/1175284811", "name": "Nueva de Matte / Fermin Vivaceta", "theme": "transport", "subtype": "bus_stop", "lat": -33.408793, "lon": -70.6671016, "distance_m": 1879, "ring": "<=2000 m"}, "geometry": {"type": "Point", "coordinates": [-70.6671016, -33.408793]}}, {"type": "Feature", "properties": {"osm_id": "node/1175622821", "name": "Iglesia San Pedro", "theme": "transport", "subtype": "bus_stop", "lat": -33.4348281, "lon": -70.6474834, "distance_m": 1879, "ring": "<=2000 m"}, "geometry": {"type": "Point", "coordinates": [-70.6474834, -33.4348281]}}, {"type": "Feature", "properties": {"osm_id": "node/4442981363", "name": "PB1638-Avenida México / Esq. Comandante Veliz", "theme": "transport", "subtype": "bus_stop", "lat": -33.4088194, "lon": -70.6332295, "distance_m": 1881, "ring": "<=2000 m"}, "geometry": {"type": "Point", "coordinates": [-70.6332295, -33.4088194]}}, {"type": "Feature", "properties": {"osm_id": "node/575514909", "name": "Pío Nono", "theme": "transport", "subtype": "station", "lat": -33.4300645, "lon": -70.6358689, "distance_m": 1882, "ring": "<=2000 m"}, "geometry": {"type": "Point", "coordinates": [-70.6358689, -33.4300645]}}, {"type": "Feature", "properties": {"osm_id": "node/4785128463", "name": "Bicycle Rental", "theme": "transport", "subtype": "bicycle_rental", "lat": -33.433848, "lon": -70.6428022, "distance_m": 1882, "ring": "<=2000 m"}, "geometry": {"type": "Point", "coordinates": [-70.6428022, -33.433848]}}, {"type": "Feature", "properties": {"osm_id": "node/8441915693", "name": "Parada Buses Panorámicos", "theme": "transport", "subtype": "bus_stop", "lat": -33.4303512, "lon": -70.6361418, "distance_m": 1887, "ring": "<=2000 m"}, "geometry": {"type": "Point", "coordinates": [-70.6361418, -33.4303512]}}, {"type": "Feature", "properties": {"osm_id": "node/1175551990", "name": "A. Lópezde Bello / Purísima", "theme": "transport", "subtype": "bus_stop", "lat": -33.4319296, "lon": -70.6383849, "distance_m": 1890, "ring": "<=2000 m"}, "geometry": {"type": "Point", "coordinates": [-70.6383849, -33.4319296]}}, {"type": "Feature", "properties": {"osm_id": "node/1175619535", "name": "Puente Ronald Wood Gwiazdon / Santa María", "theme": "transport", "subtype": "bus_stop", "lat": -33.4340192, "lon": -70.6430127, "distance_m": 1893, "ring": "<=2000 m"}, "geometry": {"type": "Point", "coordinates": [-70.6430127, -33.4340192]}}, {"type": "Feature", "properties": {"osm_id": "node/1175624899", "name": "Santo Domingo - San Antonio", "theme": "transport", "subtype": "bus_stop", "lat": -33.4350888, "lon": -70.648912, "distance_m": 1895, "ring": "<=2000 m"}, "geometry": {"type": "Point", "coordinates": [-70.648912, -33.4350888]}}, {"type": "Feature", "properties": {"osm_id": "node/1175548912", "name": "PB1599-Lircay / Esq. Aurelio Díaz Meza", "theme": "transport", "subtype": "bus_stop", "lat": -33.4055917, "lon": -70.6362215, "distance_m": 1900, "ring": "<=2000 m"}, "geometry": {"type": "Point", "coordinates": [-70.6362215, -33.4055917]}}, {"type": "Feature", "properties": {"osm_id": "node/1175631622", "name": "San Pablo / esq. Teatinos", "theme": "transport", "subtype": "bus_stop", "lat": -33.4344456, "lon": -70.6561634, "distance_m": 1902, "ring": "<=2000 m"}, "geometry": {"type": "Point", "coordinates": [-70.6561634, -33.4344456]}}, {"type": "Feature", "properties": {"osm_id": "node/12377412202", "name": "Bikesantiago", "theme": "transport", "subtype": "bicycle_rental", "lat": -33.434366, "lon": -70.6566685, "distance_m": 1908, "ring": "<=2000 m"}, "geometry": {"type": "Point", "coordinates": [-70.6566685, -33.434366]}}, {"type": "Feature", "properties": {"osm_id": "node/1175284721", "name": "PB1274-Avenida Einstein / Esq. Agua Santa", "theme": "transport", "subtype": "bus_stop", "lat": -33.4029729, "lon": -70.6601432, "distance_m": 1917, "ring": "<=2000 m"}, "geometry": {"type": "Point", "coordinates": [-70.6601432, -33.4029729]}}, {"type": "Feature", "properties": {"osm_id": "node/1175284748", "name": "PB1277-Avenida Einstein / Esq. Agua Santa", "theme": "transport", "subtype": "bus_stop", "lat": -33.4031569, "lon": -70.6606333, "distance_m": 1922, "ring": "<=2000 m"}, "geometry": {"type": "Point", "coordinates": [-70.6606333, -33.4031569]}}, {"type": "Feature", "properties": {"osm_id": "node/1175553960", "name": "PB1398-Av. Card. José Mª Caro / Esq. Fray Luis De La Peña", "theme": "transport", "subtype": "bus_stop", "lat": -33.4011185, "lon": -70.6460133, "distance_m": 1925, "ring": "<=2000 m"}, "geometry": {"type": "Point", "coordinates": [-70.6460133, -33.4011185]}}, {"type": "Feature", "properties": {"osm_id": "node/1175287811", "name": "PB1330-Domingo Santa María / Esq. La Cañas", "theme": "transport", "subtype": "bus_stop", "lat": -33.415202, "lon": -70.670707, "distance_m": 1931, "ring": "<=2000 m"}, "geometry": {"type": "Point", "coordinates": [-70.670707, -33.415202]}}, {"type": "Feature", "properties": {"osm_id": "node/1175287936", "name": "PB1319-Domingo Santa María / Esq. Enrique Soro", "theme": "transport", "subtype": "bus_stop", "lat": -33.4153384, "lon": -70.6707268, "distance_m": 1931, "ring": "<=2000 m"}, "geometry": {"type": "Point", "coordinates": [-70.6707268, -33.4153384]}}, {"type": "Feature", "properties": {"osm_id": "node/1175554537", "name": "PB1577-Avenida Einstein / Esq. Aurelio Díaz Meza", "theme": "transport", "subtype": "bus_stop", "lat": -33.4061977, "lon": -70.6349139, "distance_m": 1938, "ring": "<=2000 m"}, "geometry": {"type": "Point", "coordinates": [-70.6349139, -33.4061977]}}, {"type": "Feature", "properties": {"osm_id": "node/1175550686", "name": "PB1308-Avenida México / Esq. Estudiante Navarro", "theme": "transport", "subtype": "bus_stop", "lat": -33.4090696, "lon": -70.632208, "distance_m": 1946, "ring": "<=2000 m"}, "geometry": {"type": "Point", "coordinates": [-70.632208, -33.4090696]}}, {"type": "Feature", "properties": {"osm_id": "node/11964137088", "name": "Bus Stop", "theme": "transport", "subtype": "bus_stop", "lat": -33.4042122, "lon": -70.662995, "distance_m": 1947, "ring": "<=2000 m"}, "geometry": {"type": "Point", "coordinates": [-70.662995, -33.4042122]}}, {"type": "Feature", "properties": {"osm_id": "node/1175552718", "name": "PB1304-Arzobispo Valdivieso / Esq. Alicanto", "theme": "transport", "subtype": "bus_stop", "lat": -33.4115375, "lon": -70.6307209, "distance_m": 1948, "ring": "<=2000 m"}, "geometry": {"type": "Point", "coordinates": [-70.6307209, -33.4115375]}}, {"type": "Feature", "properties": {"osm_id": "node/1175552595", "name": "PB1295-Arzobispo Valdivieso / Esq. Los Cipreses", "theme": "transport", "subtype": "bus_stop", "lat": -33.4114457, "lon": -70.630708, "distance_m": 1953, "ring": "<=2000 m"}, "geometry": {"type": "Point", "coordinates": [-70.630708, -33.4114457]}}, {"type": "Feature", "properties": {"osm_id": "node/11941168364", "name": "Hermanos Amunátegui / esq. San Pablo", "theme": "transport", "subtype": "bus_stop", "lat": -33.4346231, "lon": -70.6572848, "distance_m": 1954, "ring": "<=2000 m"}, "geometry": {"type": "Point", "coordinates": [-70.6572848, -33.4346231]}}, {"type": "Feature", "properties": {"osm_id": "node/1175553958", "name": "PB1598-Av. Card. José Mª Caro / Esq. Muñoz Gamero", "theme": "transport", "subtype": "bus_stop", "lat": -33.4006664, "lon": -70.646609, "distance_m": 1965, "ring": "<=2000 m"}, "geometry": {"type": "Point", "coordinates": [-70.646609, -33.4006664]}}, {"type": "Feature", "properties": {"osm_id": "node/1175575512", "name": "Parada 2 / Avenida Einstein - Avenida Independencia", "theme": "transport", "subtype": "bus_stop", "lat": -33.4040041, "lon": -70.662998, "distance_m": 1966, "ring": "<=2000 m"}, "geometry": {"type": "Point", "coordinates": [-70.662998, -33.4040041]}}, {"type": "Feature", "properties": {"osm_id": "node/1175550772", "name": "PB1292-Avenida México / Esq. Adrian Miranda", "theme": "transport", "subtype": "bus_stop", "lat": -33.4093356, "lon": -70.631681, "distance_m": 1974, "ring": "<=2000 m"}, "geometry": {"type": "Point", "coordinates": [-70.631681, -33.4093356]}}, {"type": "Feature", "properties": {"osm_id": "node/1175626687", "name": "Hospital Traumatológico", "theme": "transport", "subtype": "bus_stop", "lat": -33.4342947, "lon": -70.6588375, "distance_m": 1974, "ring": "<=2000 m"}, "geometry": {"type": "Point", "coordinates": [-70.6588375, -33.4342947]}}, {"type": "Feature", "properties": {"osm_id": "node/12793666968", "name": "PB1965-Parada 3 / Avenida Einstein - Avenida Independencia", "theme": "transport", "subtype": "bus_stop", "lat": -33.4036832, "lon": -70.6627203, "distance_m": 1979, "ring": "<=2000 m"}, "geometry": {"type": "Point", "coordinates": [-70.6627203, -33.4036832]}}, {"type": "Feature", "properties": {"osm_id": "node/10699780846", "name": "San Antonio - Santo Domingo", "theme": "transport", "subtype": "bus_stop", "lat": -33.4358423, "lon": -70.6484394, "distance_m": 1982, "ring": "<=2000 m"}, "geometry": {"type": "Point", "coordinates": [-70.6484394, -33.4358423]}}, {"type": "Feature", "properties": {"osm_id": "node/1175683479", "name": "Muñoz Gamero / Avenida Recoleta", "theme": "transport", "subtype": "bus_stop", "lat": -33.4013195, "lon": -70.6428493, "distance_m": 1984, "ring": "<=2000 m"}, "geometry": {"type": "Point", "coordinates": [-70.6428493, -33.4013195]}}, {"type": "Feature", "properties": {"osm_id": "node/1175631672", "name": "San Antonio - Santo Domingo", "theme": "transport", "subtype": "bus_stop", "lat": -33.4359264, "lon": -70.6493483, "distance_m": 1986, "ring": "<=2000 m"}, "geometry": {"type": "Point", "coordinates": [-70.6493483, -33.4359264]}}, {"type": "Feature", "properties": {"osm_id": "node/1175631799", "name": "Santo Domingo - Miraflores", "theme": "transport", "subtype": "bus_stop", "lat": -33.4355227, "lon": -70.6455969, "distance_m": 1986, "ring": "<=2000 m"}, "geometry": {"type": "Point", "coordinates": [-70.6455969, -33.4355227]}}, {"type": "Feature", "properties": {"osm_id": "node/1175550878", "name": "José María Caro / Muñoz Gamero", "theme": "transport", "subtype": "bus_stop", "lat": -33.4004878, "lon": -70.6464154, "distance_m": 1987, "ring": "<=2000 m"}, "geometry": {"type": "Point", "coordinates": [-70.6464154, -33.4004878]}}, {"type": "Feature", "properties": {"osm_id": "node/1175554123", "name": "PB1180-Av. Card. José Mª Caro / Esq. Muñoz Gamero", "theme": "transport", "subtype": "bus_stop", "lat": -33.4003402, "lon": -70.6472005, "distance_m": 1992, "ring": "<=2000 m"}, "geometry": {"type": "Point", "coordinates": [-70.6472005, -33.4003402]}}, {"type": "Feature", "properties": {"osm_id": "node/1175624128", "name": "Mercado de Anticuarios", "theme": "transport", "subtype": "bus_stop", "lat": -33.4301913, "lon": -70.6660187, "distance_m": 1993, "ring": "<=2000 m"}, "geometry": {"type": "Point", "coordinates": [-70.6660187, -33.4301913]}}, {"type": "Feature", "properties": {"osm_id": "node/1175284739", "name": "PB1275-Parada 6 / Avenida Einstein - Avenida Independencia", "theme": "transport", "subtype": "bus_stop", "lat": -33.4036181, "lon": -70.6628884, "distance_m": 1994, "ring": "<=2000 m"}, "geometry": {"type": "Point", "coordinates": [-70.6628884, -33.4036181]}}, {"type": "Feature", "properties": {"osm_id": "node/1175548322", "name": "Einstein / Avenida El Salto", "theme": "transport", "subtype": "bus_stop", "lat": -33.4064678, "lon": -70.6337197, "distance_m": 2001, "ring": "<=5000 m"}, "geometry": {"type": "Point", "coordinates": [-70.6337197, -33.4064678]}}, {"type": "Feature", "properties": {"osm_id": "node/1175631705", "name": "(M) Plaza de Armas", "theme": "transport", "subtype": "bus_stop", "lat": -33.4361319, "lon": -70.6511648, "distance_m": 2009, "ring": "<=5000 m"}, "geometry": {"type": "Point", "coordinates": [-70.6511648, -33.4361319]}}, {"type": "Feature", "properties": {"osm_id": "node/1175550928", "name": "PB1181-Muñoz Gamero / Esq. Avenida Recoleta", "theme": "transport", "subtype": "bus_stop", "lat": -33.4009725, "lon": -70.643128, "distance_m": 2012, "ring": "<=5000 m"}, "geometry": {"type": "Point", "coordinates": [-70.643128, -33.4009725]}}, {"type": "Feature", "properties": {"osm_id": "node/1175631124", "name": "Avenida Mapocho / esq. Almirante Barroso", "theme": "transport", "subtype": "bus_stop", "lat": -33.4321054, "lon": -70.6639295, "distance_m": 2015, "ring": "<=5000 m"}, "geometry": {"type": "Point", "coordinates": [-70.6639295, -33.4321054]}}, {"type": "Feature", "properties": {"osm_id": "node/1175574932", "name": "Parada 1 / Avenida Einstein - Avenida Independencia", "theme": "transport", "subtype": "bus_stop", "lat": -33.4037965, "lon": -70.6635855, "distance_m": 2017, "ring": "<=5000 m"}, "geometry": {"type": "Point", "coordinates": [-70.6635855, -33.4037965]}}, {"type": "Feature", "properties": {"osm_id": "node/1175631598", "name": "Hospital Traumatológico", "theme": "transport", "subtype": "bus_stop", "lat": -33.4345755, "lon": -70.6592471, "distance_m": 2018, "ring": "<=5000 m"}, "geometry": {"type": "Point", "coordinates": [-70.6592471, -33.4345755]}}, {"type": "Feature", "properties": {"osm_id": "node/1175622808", "name": "Casa de Los Velasco", "theme": "transport", "subtype": "bus_stop", "lat": -33.4361011, "lon": -70.647294, "distance_m": 2022, "ring": "<=5000 m"}, "geometry": {"type": "Point", "coordinates": [-70.647294, -33.4361011]}}, {"type": "Feature", "properties": {"osm_id": "node/12511688828", "name": "Zoológico", "theme": "transport", "subtype": "station", "lat": -33.4304662, "lon": -70.6342259, "distance_m": 2023, "ring": "<=5000 m"}, "geometry": {"type": "Point", "coordinates": [-70.6342259, -33.4304662]}}, {"type": "Feature", "properties": {"osm_id": "node/1175631728", "name": "(M) Plaza de Armas", "theme": "transport", "subtype": "bus_stop", "lat": -33.436221, "lon": -70.6520211, "distance_m": 2024, "ring": "<=5000 m"}, "geometry": {"type": "Point", "coordinates": [-70.6520211, -33.436221]}}, {"type": "Feature", "properties": {"osm_id": "node/1175285119", "name": "Hipodromo Chile / Fermin Vivaceta", "theme": "transport", "subtype": "bus_stop", "lat": -33.4070802, "lon": -70.6676818, "distance_m": 2033, "ring": "<=5000 m"}, "geometry": {"type": "Point", "coordinates": [-70.6676818, -33.4070802]}}, {"type": "Feature", "properties": {"osm_id": "node/1175620057", "name": "Mercado de Anticuarios", "theme": "transport", "subtype": "bus_stop", "lat": -33.4313898, "lon": -70.6652077, "distance_m": 2033, "ring": "<=5000 m"}, "geometry": {"type": "Point", "coordinates": [-70.6652077, -33.4313898]}}, {"type": "Feature", "properties": {"osm_id": "node/1175548075", "name": "Einstein / Avenida El Salto", "theme": "transport", "subtype": "bus_stop", "lat": -33.4060793, "lon": -70.6336107, "distance_m": 2037, "ring": "<=5000 m"}, "geometry": {"type": "Point", "coordinates": [-70.6336107, -33.4060793]}}, {"type": "Feature", "properties": {"osm_id": "node/1175550810", "name": "PB1144-Muñoz Gamero / Esq. Avenida Recoleta", "theme": "transport", "subtype": "bus_stop", "lat": -33.4009115, "lon": -70.642512, "distance_m": 2038, "ring": "<=5000 m"}, "geometry": {"type": "Point", "coordinates": [-70.642512, -33.4009115]}}, {"type": "Feature", "properties": {"osm_id": "node/12511688829", "name": "Chile Nativo", "theme": "transport", "subtype": "station", "lat": -33.42697, "lon": -70.6309633, "distance_m": 2040, "ring": "<=5000 m"}, "geometry": {"type": "Point", "coordinates": [-70.6309633, -33.42697]}}, {"type": "Feature", "properties": {"osm_id": "node/1175554646", "name": "PB1568-Avenida El Guanaco / Esq. Muñoz Gamero", "theme": "transport", "subtype": "bus_stop", "lat": -33.4008348, "lon": -70.6580417, "distance_m": 2052, "ring": "<=5000 m"}, "geometry": {"type": "Point", "coordinates": [-70.6580417, -33.4008348]}}, {"type": "Feature", "properties": {"osm_id": "node/11964137258", "name": "Bus Stop", "theme": "transport", "subtype": "bus_stop", "lat": -33.4034778, "lon": -70.6637031, "distance_m": 2052, "ring": "<=5000 m"}, "geometry": {"type": "Point", "coordinates": [-70.6637031, -33.4034778]}}, {"type": "Feature", "properties": {"osm_id": "node/1175285681", "name": "Salomón Sack / Esq. Enrique Soro", "theme": "transport", "subtype": "bus_stop", "lat": -33.418855, "lon": -70.6723018, "distance_m": 2054, "ring": "<=5000 m"}, "geometry": {"type": "Point", "coordinates": [-70.6723018, -33.418855]}}, {"type": "Feature", "properties": {"osm_id": "node/1175683030", "name": "Muñoz Gamero / Avenida Recoleta", "theme": "transport", "subtype": "bus_stop", "lat": -33.4006117, "lon": -70.6429806, "distance_m": 2054, "ring": "<=5000 m"}, "geometry": {"type": "Point", "coordinates": [-70.6429806, -33.4006117]}}, {"type": "Feature", "properties": {"osm_id": "node/1175686194", "name": "Bombero Nunez / Avenida Bellavista", "theme": "transport", "subtype": "bus_stop", "lat": -33.4343659, "lon": -70.6395149, "distance_m": 2064, "ring": "<=5000 m"}, "geometry": {"type": "Point", "coordinates": [-70.6395149, -33.4343659]}}, {"type": "Feature", "properties": {"osm_id": "node/1175622456", "name": "Manuel Rodríguez / esq. San Pablo", "theme": "transport", "subtype": "bus_stop", "lat": -33.4347602, "lon": -70.6599807, "distance_m": 2066, "ring": "<=5000 m"}, "geometry": {"type": "Point", "coordinates": [-70.6599807, -33.4347602]}}, {"type": "Feature", "properties": {"osm_id": "node/1175285839", "name": "Fermin Vivaceta / Altamirano", "theme": "transport", "subtype": "bus_stop", "lat": -33.4070688, "lon": -70.6681425, "distance_m": 2068, "ring": "<=5000 m"}, "geometry": {"type": "Point", "coordinates": [-70.6681425, -33.4070688]}}, {"type": "Feature", "properties": {"osm_id": "node/4270110558", "name": "21 de Mayo", "theme": "transport", "subtype": "subway_entrance", "lat": -33.4367599, "lon": -70.6499011, "distance_m": 2077, "ring": "<=5000 m"}, "geometry": {"type": "Point", "coordinates": [-70.6499011, -33.4367599]}}, {"type": "Feature", "properties": {"osm_id": "node/1175575676", "name": "General Bulnes / Presidente Eduardo Frei Montalva", "theme": "transport", "subtype": "bus_stop", "lat": -33.4254244, "lon": -70.670804, "distance_m": 2080, "ring": "<=5000 m"}, "geometry": {"type": "Point", "coordinates": [-70.670804, -33.4254244]}}, {"type": "Feature", "properties": {"osm_id": "node/1175554546", "name": "PB1264-Avenida Einstein / Esq. Avenida El Salto", "theme": "transport", "subtype": "bus_stop", "lat": -33.4061326, "lon": -70.632893, "distance_m": 2084, "ring": "<=5000 m"}, "geometry": {"type": "Point", "coordinates": [-70.632893, -33.4061326]}}, {"type": "Feature", "properties": {"osm_id": "node/1175550676", "name": "PB1307-Avenida México / Esq. Río Maule", "theme": "transport", "subtype": "bus_stop", "lat": -33.4097167, "lon": -70.630033, "distance_m": 2089, "ring": "<=5000 m"}, "geometry": {"type": "Point", "coordinates": [-70.630033, -33.4097167]}}, {"type": "Feature", "properties": {"osm_id": "node/1175624924", "name": "Monjitas - San Antonio", "theme": "transport", "subtype": "bus_stop", "lat": -33.43684, "lon": -70.6486449, "distance_m": 2091, "ring": "<=5000 m"}, "geometry": {"type": "Point", "coordinates": [-70.6486449, -33.43684]}}, {"type": "Feature", "properties": {"osm_id": "node/1175548947", "name": "PB1285-Lircay / Esq. Avenida El Salto", "theme": "transport", "subtype": "bus_stop", "lat": -33.4055146, "lon": -70.633414, "distance_m": 2092, "ring": "<=5000 m"}, "geometry": {"type": "Point", "coordinates": [-70.633414, -33.4055146]}}, {"type": "Feature", "properties": {"osm_id": "node/3459497770", "name": "Monjitas / Mac Iver", "theme": "transport", "subtype": "bicycle_rental", "lat": -33.4367595, "lon": -70.6472367, "distance_m": 2095, "ring": "<=5000 m"}, "geometry": {"type": "Point", "coordinates": [-70.6472367, -33.4367595]}}, {"type": "Feature", "properties": {"osm_id": "node/3459497769", "name": "Metro Bellas Artes", "theme": "transport", "subtype": "bicycle_rental", "lat": -33.4363271, "lon": -70.6444243, "distance_m": 2098, "ring": "<=5000 m"}, "geometry": {"type": "Point", "coordinates": [-70.6444243, -33.4363271]}}, {"type": "Feature", "properties": {"osm_id": "node/3459497772", "name": "Bikesantiago", "theme": "transport", "subtype": "bicycle_rental", "lat": -33.4366359, "lon": -70.654289, "distance_m": 2098, "ring": "<=5000 m"}, "geometry": {"type": "Point", "coordinates": [-70.654289, -33.4366359]}}, {"type": "Feature", "properties": {"osm_id": "node/1175552015", "name": "Bellavista / Purísima", "theme": "transport", "subtype": "bus_stop", "lat": -33.434429, "lon": -70.6387679, "distance_m": 2104, "ring": "<=5000 m"}, "geometry": {"type": "Point", "coordinates": [-70.6387679, -33.434429]}}, {"type": "Feature", "properties": {"osm_id": "node/1175285742", "name": "Salomón Sack / Esq. Enrique Soro", "theme": "transport", "subtype": "bus_stop", "lat": -33.4186936, "lon": -70.6728602, "distance_m": 2105, "ring": "<=5000 m"}, "geometry": {"type": "Point", "coordinates": [-70.6728602, -33.4186936]}}, {"type": "Feature", "properties": {"osm_id": "node/1175626637", "name": "Teatro Teletón", "theme": "transport", "subtype": "bus_stop", "lat": -33.4356696, "lon": -70.6586044, "distance_m": 2106, "ring": "<=5000 m"}, "geometry": {"type": "Point", "coordinates": [-70.6586044, -33.4356696]}}, {"type": "Feature", "properties": {"osm_id": "node/1175287377", "name": "PB1480-Nueva De Matte / Esq. Dr. V. Izquierdo", "theme": "transport", "subtype": "bus_stop", "lat": -33.4086633, "lon": -70.6699437, "distance_m": 2112, "ring": "<=5000 m"}, "geometry": {"type": "Point", "coordinates": [-70.6699437, -33.4086633]}}, {"type": "Feature", "properties": {"osm_id": "node/1157166193", "name": "Monjitas", "theme": "transport", "subtype": "subway_entrance", "lat": -33.4364137, "lon": -70.6441804, "distance_m": 2113, "ring": "<=5000 m"}, "geometry": {"type": "Point", "coordinates": [-70.6441804, -33.4364137]}}, {"type": "Feature", "properties": {"osm_id": "node/1175624133", "name": "Parque de los Reyes", "theme": "transport", "subtype": "bus_stop", "lat": -33.4293597, "lon": -70.6685421, "distance_m": 2115, "ring": "<=5000 m"}, "geometry": {"type": "Point", "coordinates": [-70.6685421, -33.4293597]}}, {"type": "Feature", "properties": {"osm_id": "node/1175631760", "name": "Santo Domingo - Teatinos", "theme": "transport", "subtype": "bus_stop", "lat": -33.4365936, "lon": -70.6554467, "distance_m": 2116, "ring": "<=5000 m"}, "geometry": {"type": "Point", "coordinates": [-70.6554467, -33.4365936]}}, {"type": "Feature", "properties": {"osm_id": "node/1175384307", "name": "PB1503-Avenida El Guanaco / Esq. Pablo Urzua", "theme": "transport", "subtype": "bus_stop", "lat": -33.4002882, "lon": -70.658307, "distance_m": 2117, "ring": "<=5000 m"}, "geometry": {"type": "Point", "coordinates": [-70.658307, -33.4002882]}}, {"type": "Feature", "properties": {"osm_id": "node/4270110557", "name": "Puente", "theme": "transport", "subtype": "subway_entrance", "lat": -33.437094, "lon": -70.6512896, "distance_m": 2117, "ring": "<=5000 m"}, "geometry": {"type": "Point", "coordinates": [-70.6512896, -33.437094]}}, {"type": "Feature", "properties": {"osm_id": "node/1175287786", "name": "PB1331-Domingo Santa María / Esq. La Cañas", "theme": "transport", "subtype": "bus_stop", "lat": -33.414884, "lon": -70.672682, "distance_m": 2118, "ring": "<=5000 m"}, "geometry": {"type": "Point", "coordinates": [-70.672682, -33.414884]}}, {"type": "Feature", "properties": {"osm_id": "node/1175630952", "name": "Andes / esq. Avenida Brasil", "theme": "transport", "subtype": "bus_stop", "lat": -33.4326954, "lon": -70.6648252, "distance_m": 2118, "ring": "<=5000 m"}, "geometry": {"type": "Point", "coordinates": [-70.6648252, -33.4326954]}}, {"type": "Feature", "properties": {"osm_id": "node/3459497771", "name": "Bikesantiago", "theme": "transport", "subtype": "bicycle_rental", "lat": -33.437212, "lon": -70.6496337, "distance_m": 2128, "ring": "<=5000 m"}, "geometry": {"type": "Point", "coordinates": [-70.6496337, -33.437212]}}, {"type": "Feature", "properties": {"osm_id": "node/1175287480", "name": "PB1474-Nueva De Matte / Esq. Dr. V. Izquierdo", "theme": "transport", "subtype": "bus_stop", "lat": -33.408835, "lon": -70.670278, "distance_m": 2129, "ring": "<=5000 m"}, "geometry": {"type": "Point", "coordinates": [-70.670278, -33.408835]}}, {"type": "Feature", "properties": {"osm_id": "node/5227884076", "name": "Plaza de Armas", "theme": "transport", "subtype": "stop_position", "lat": -33.4372528, "lon": -70.650298, "distance_m": 2132, "ring": "<=5000 m"}, "geometry": {"type": "Point", "coordinates": [-70.650298, -33.4372528]}}, {"type": "Feature", "properties": {"osm_id": "node/1175627709", "name": "(M) Bellas Artes", "theme": "transport", "subtype": "bus_stop", "lat": -33.4369239, "lon": -70.6457328, "distance_m": 2136, "ring": "<=5000 m"}, "geometry": {"type": "Point", "coordinates": [-70.6457328, -33.4369239]}}, {"type": "Feature", "properties": {"osm_id": "node/12041271571", "name": "Bellas Artes", "theme": "transport", "subtype": "stop_position", "lat": -33.4366164, "lon": -70.644136, "distance_m": 2136, "ring": "<=5000 m"}, "geometry": {"type": "Point", "coordinates": [-70.644136, -33.4366164]}}, {"type": "Feature", "properties": {"osm_id": "node/7006740004", "name": "Paseo Bandera", "theme": "transport", "subtype": "subway_entrance", "lat": -33.437162, "lon": -70.6528897, "distance_m": 2137, "ring": "<=5000 m"}, "geometry": {"type": "Point", "coordinates": [-70.6528897, -33.437162]}}, {"type": "Feature", "properties": {"osm_id": "node/253281389", "name": "Bellas Artes", "theme": "transport", "subtype": "station", "lat": -33.4366322, "lon": -70.6441329, "distance_m": 2138, "ring": "<=5000 m"}, "geometry": {"type": "Point", "coordinates": [-70.6441329, -33.4366322]}}, {"type": "Feature", "properties": {"osm_id": "node/1175550964", "name": "PB1182-Muñoz Gamero / Esq. María Del Pilar", "theme": "transport", "subtype": "bus_stop", "lat": -33.4013537, "lon": -70.6386767, "distance_m": 2145, "ring": "<=5000 m"}, "geometry": {"type": "Point", "coordinates": [-70.6386767, -33.4013537]}}, {"type": "Feature", "properties": {"osm_id": "node/1175619557", "name": "Puente Purísima / Santa María", "theme": "transport", "subtype": "bus_stop", "lat": -33.4349561, "lon": -70.6388917, "distance_m": 2149, "ring": "<=5000 m"}, "geometry": {"type": "Point", "coordinates": [-70.6388917, -33.4349561]}}, {"type": "Feature", "properties": {"osm_id": "node/1175627327", "name": "(M) Bellas Artes", "theme": "transport", "subtype": "bus_stop", "lat": -33.4364753, "lon": -70.6430733, "distance_m": 2149, "ring": "<=5000 m"}, "geometry": {"type": "Point", "coordinates": [-70.6430733, -33.4364753]}}, {"type": "Feature", "properties": {"osm_id": "node/6231367141", "name": "Plaza de Armas", "theme": "transport", "subtype": "station", "lat": -33.4374154, "lon": -70.6512777, "distance_m": 2152, "ring": "<=5000 m"}, "geometry": {"type": "Point", "coordinates": [-70.6512777, -33.4374154]}}, {"type": "Feature", "properties": {"osm_id": "node/1175553919", "name": "PB1146-Av. Card. José Mª Caro / Esq. Emiliano Zapata", "theme": "transport", "subtype": "bus_stop", "lat": -33.3987434, "lon": -70.649036, "distance_m": 2153, "ring": "<=5000 m"}, "geometry": {"type": "Point", "coordinates": [-70.649036, -33.3987434]}}, {"type": "Feature", "properties": {"osm_id": "node/4447798904", "name": "La Bicicleta Verde", "theme": "transport", "subtype": "bicycle_rental", "lat": -33.4325504, "lon": -70.6347035, "distance_m": 2157, "ring": "<=5000 m"}, "geometry": {"type": "Point", "coordinates": [-70.6347035, -33.4325504]}}, {"type": "Feature", "properties": {"osm_id": "node/1175622793", "name": "Monjitas - Mac Iver", "theme": "transport", "subtype": "bus_stop", "lat": -33.4373233, "lon": -70.6471283, "distance_m": 2158, "ring": "<=5000 m"}, "geometry": {"type": "Point", "coordinates": [-70.6471283, -33.4373233]}}, {"type": "Feature", "properties": {"osm_id": "node/1175624871", "name": "Merced - San Antonio", "theme": "transport", "subtype": "bus_stop", "lat": -33.4374525, "lon": -70.6485232, "distance_m": 2160, "ring": "<=5000 m"}, "geometry": {"type": "Point", "coordinates": [-70.6485232, -33.4374525]}}, {"type": "Feature", "properties": {"osm_id": "node/1898671213", "name": "Plaza de Armas Oriente", "theme": "transport", "subtype": "subway_entrance", "lat": -33.4375558, "lon": -70.6500019, "distance_m": 2166, "ring": "<=5000 m"}, "geometry": {"type": "Point", "coordinates": [-70.6500019, -33.4375558]}}, {"type": "Feature", "properties": {"osm_id": "node/6231367140", "name": "Plaza de Armas", "theme": "transport", "subtype": "stop_position", "lat": -33.4374491, "lon": -70.6526493, "distance_m": 2166, "ring": "<=5000 m"}, "geometry": {"type": "Point", "coordinates": [-70.6526493, -33.4374491]}}, {"type": "Feature", "properties": {"osm_id": "node/12046982892", "name": "Plaza de Armas", "theme": "transport", "subtype": "stop_position", "lat": -33.4374529, "lon": -70.6526867, "distance_m": 2167, "ring": "<=5000 m"}, "geometry": {"type": "Point", "coordinates": [-70.6526867, -33.4374529]}}, {"type": "Feature", "properties": {"osm_id": "node/1175287913", "name": "Domingo Santa María / Esq. 16 Norte", "theme": "transport", "subtype": "bus_stop", "lat": -33.4149629, "lon": -70.6732432, "distance_m": 2168, "ring": "<=5000 m"}, "geometry": {"type": "Point", "coordinates": [-70.6732432, -33.4149629]}}, {"type": "Feature", "properties": {"osm_id": "node/1175627350", "name": "(M) Bellas Artes", "theme": "transport", "subtype": "bus_stop", "lat": -33.4365367, "lon": -70.6425925, "distance_m": 2170, "ring": "<=5000 m"}, "geometry": {"type": "Point", "coordinates": [-70.6425925, -33.4365367]}}, {"type": "Feature", "properties": {"osm_id": "node/1175550742", "name": "PB1293-Avenida México / Esq. 6 Norte", "theme": "transport", "subtype": "bus_stop", "lat": -33.4101887, "lon": -70.628771, "distance_m": 2173, "ring": "<=5000 m"}, "geometry": {"type": "Point", "coordinates": [-70.628771, -33.4101887]}}, {"type": "Feature", "properties": {"osm_id": "node/1175622024", "name": "Manuel Rodríguez / esq. Rosas", "theme": "transport", "subtype": "bus_stop", "lat": -33.4355474, "lon": -70.6606742, "distance_m": 2173, "ring": "<=5000 m"}, "geometry": {"type": "Point", "coordinates": [-70.6606742, -33.4355474]}}, {"type": "Feature", "properties": {"osm_id": "node/1175548524", "name": "PB1416-Emiliano Zapata / Esq. Av. Card. José Mª Caro", "theme": "transport", "subtype": "bus_stop", "lat": -33.3985067, "lon": -70.649762, "distance_m": 2177, "ring": "<=5000 m"}, "geometry": {"type": "Point", "coordinates": [-70.649762, -33.3985067]}}, {"type": "Feature", "properties": {"osm_id": "node/1175624680", "name": "Parque de los Reyes", "theme": "transport", "subtype": "bus_stop", "lat": -33.4293633, "lon": -70.6693712, "distance_m": 2178, "ring": "<=5000 m"}, "geometry": {"type": "Point", "coordinates": [-70.6693712, -33.4293633]}}, {"type": "Feature", "properties": {"osm_id": "node/1175631785", "name": "(M) Santa Ana", "theme": "transport", "subtype": "bus_stop", "lat": -33.4368039, "lon": -70.657367, "distance_m": 2186, "ring": "<=5000 m"}, "geometry": {"type": "Point", "coordinates": [-70.657367, -33.4368039]}}, {"type": "Feature", "properties": {"osm_id": "node/1175631059", "name": "Avenida Mapocho / esq. Gral. Baquedano", "theme": "transport", "subtype": "bus_stop", "lat": -33.4321363, "lon": -70.6666911, "distance_m": 2188, "ring": "<=5000 m"}, "geometry": {"type": "Point", "coordinates": [-70.6666911, -33.4321363]}}, {"type": "Feature", "properties": {"osm_id": "node/1175622436", "name": "Teatro Teletón", "theme": "transport", "subtype": "bus_stop", "lat": -33.4360819, "lon": -70.6597361, "distance_m": 2189, "ring": "<=5000 m"}, "geometry": {"type": "Point", "coordinates": [-70.6597361, -33.4360819]}}, {"type": "Feature", "properties": {"osm_id": "node/1175550840", "name": "PB1143-Muñoz Gamero / Esq. María Del Pilar", "theme": "transport", "subtype": "bus_stop", "lat": -33.4013435, "lon": -70.6377058, "distance_m": 2192, "ring": "<=5000 m"}, "geometry": {"type": "Point", "coordinates": [-70.6377058, -33.4013435]}}, {"type": "Feature", "properties": {"osm_id": "node/1175627397", "name": "Hermanos Amunátegui / Esq. Santo Domingo", "theme": "transport", "subtype": "bus_stop", "lat": -33.4369856, "lon": -70.6569591, "distance_m": 2194, "ring": "<=5000 m"}, "geometry": {"type": "Point", "coordinates": [-70.6569591, -33.4369856]}}, {"type": "Feature", "properties": {"osm_id": "node/1175689686", "name": "Puente Bulnes / Presidente Eduardo Frei Montalva", "theme": "transport", "subtype": "bus_stop", "lat": -33.4248334, "lon": -70.6725636, "distance_m": 2208, "ring": "<=5000 m"}, "geometry": {"type": "Point", "coordinates": [-70.6725636, -33.4248334]}}, {"type": "Feature", "properties": {"osm_id": "node/1175548972", "name": "PB1286-Lircay / Esq. Avenida Las Torres", "theme": "transport", "subtype": "bus_stop", "lat": -33.4054416, "lon": -70.6318, "distance_m": 2211, "ring": "<=5000 m"}, "geometry": {"type": "Point", "coordinates": [-70.6318, -33.4054416]}}, {"type": "Feature", "properties": {"osm_id": "node/1175619694", "name": "Almirante Barroso / esq. San Pablo", "theme": "transport", "subtype": "bus_stop", "lat": -33.4349633, "lon": -70.662773, "distance_m": 2211, "ring": "<=5000 m"}, "geometry": {"type": "Point", "coordinates": [-70.662773, -33.4349633]}}, {"type": "Feature", "properties": {"osm_id": "node/1175554090", "name": "PB1179-Av. Card. José Mª Caro / Esq. Emiliano Zapata", "theme": "transport", "subtype": "bus_stop", "lat": -33.3981863, "lon": -70.649975, "distance_m": 2212, "ring": "<=5000 m"}, "geometry": {"type": "Point", "coordinates": [-70.649975, -33.3981863]}}, {"type": "Feature", "properties": {"osm_id": "node/11941168362", "name": "(M) Santa Ana", "theme": "transport", "subtype": "bus_stop", "lat": -33.4367189, "lon": -70.6585118, "distance_m": 2212, "ring": "<=5000 m"}, "geometry": {"type": "Point", "coordinates": [-70.6585118, -33.4367189]}}, {"type": "Feature", "properties": {"osm_id": "node/12140514721", "name": "Bikesantiago", "theme": "transport", "subtype": "bicycle_rental", "lat": -33.4287366, "lon": -70.6703214, "distance_m": 2213, "ring": "<=5000 m"}, "geometry": {"type": "Point", "coordinates": [-70.6703214, -33.4287366]}}, {"type": "Feature", "properties": {"osm_id": "node/1175552759", "name": "PB1305-Arzobispo Valdivieso / Esq. 8 Norte", "theme": "transport", "subtype": "bus_stop", "lat": -33.4112557, "lon": -70.627739, "distance_m": 2217, "ring": "<=5000 m"}, "geometry": {"type": "Point", "coordinates": [-70.627739, -33.4112557]}}, {"type": "Feature", "properties": {"osm_id": "node/1175631560", "name": "San Pablo / Esq. Almirante Barroso", "theme": "transport", "subtype": "bus_stop", "lat": -33.4347363, "lon": -70.6633428, "distance_m": 2218, "ring": "<=5000 m"}, "geometry": {"type": "Point", "coordinates": [-70.6633428, -33.4347363]}}, {"type": "Feature", "properties": {"osm_id": "node/1175575131", "name": "Pantaleon Vélez / Avenida Independencia", "theme": "transport", "subtype": "bus_stop", "lat": -33.4023105, "lon": -70.6648677, "distance_m": 2221, "ring": "<=5000 m"}, "geometry": {"type": "Point", "coordinates": [-70.6648677, -33.4023105]}}, {"type": "Feature", "properties": {"osm_id": "node/1175552621", "name": "PB1294-Arzobispo Valdivieso / Esq. 7 Norte", "theme": "transport", "subtype": "bus_stop", "lat": -33.4111032, "lon": -70.6277159, "distance_m": 2225, "ring": "<=5000 m"}, "geometry": {"type": "Point", "coordinates": [-70.6277159, -33.4111032]}}, {"type": "Feature", "properties": {"osm_id": "node/1175575931", "name": "Las Cañas / Esq. Aurora De Chile", "theme": "transport", "subtype": "bus_stop", "lat": -33.4131997, "lon": -70.6734469, "distance_m": 2226, "ring": "<=5000 m"}, "geometry": {"type": "Point", "coordinates": [-70.6734469, -33.4131997]}}, {"type": "Feature", "properties": {"osm_id": "node/1175550737", "name": "PB1306-Avenida México / Esq. 6 Norte", "theme": "transport", "subtype": "bus_stop", "lat": -33.4103387, "lon": -70.627915, "distance_m": 2239, "ring": "<=5000 m"}, "geometry": {"type": "Point", "coordinates": [-70.627915, -33.4103387]}}, {"type": "Feature", "properties": {"osm_id": "node/2970964694", "name": "Plaza de Armas Poniente", "theme": "transport", "subtype": "subway_entrance", "lat": -33.4382138, "lon": -70.6510036, "distance_m": 2240, "ring": "<=5000 m"}, "geometry": {"type": "Point", "coordinates": [-70.6510036, -33.4382138]}}, {"type": "Feature", "properties": {"osm_id": "node/1175285368", "name": "Los Marroquies / Las Enredaderas", "theme": "transport", "subtype": "bus_stop", "lat": -33.4061406, "lon": -70.6697507, "distance_m": 2249, "ring": "<=5000 m"}, "geometry": {"type": "Point", "coordinates": [-70.6697507, -33.4061406]}}, {"type": "Feature", "properties": {"osm_id": "node/1175622914", "name": "Merced / esq. Miraflores", "theme": "transport", "subtype": "bus_stop", "lat": -33.4379923, "lon": -70.6459163, "distance_m": 2249, "ring": "<=5000 m"}, "geometry": {"type": "Point", "coordinates": [-70.6459163, -33.4379923]}}, {"type": "Feature", "properties": {"osm_id": "node/1175285021", "name": "PB1129-Av. Fermín Vivaceta / Esq. Cnel. Alvarado", "theme": "transport", "subtype": "bus_stop", "lat": -33.4050896, "lon": -70.668789, "distance_m": 2251, "ring": "<=5000 m"}, "geometry": {"type": "Point", "coordinates": [-70.668789, -33.4050896]}}, {"type": "Feature", "properties": {"osm_id": "node/1175548455", "name": "PB1399-Emiliano Zapata / Esq. Nueva La Obra", "theme": "transport", "subtype": "bus_stop", "lat": -33.3980136, "lon": -70.6533654, "distance_m": 2251, "ring": "<=5000 m"}, "geometry": {"type": "Point", "coordinates": [-70.6533654, -33.3980136]}}, {"type": "Feature", "properties": {"osm_id": "node/1175631816", "name": "(M) Santa Ana", "theme": "transport", "subtype": "bus_stop", "lat": -33.4369773, "lon": -70.6589703, "distance_m": 2254, "ring": "<=5000 m"}, "geometry": {"type": "Point", "coordinates": [-70.6589703, -33.4369773]}}, {"type": "Feature", "properties": {"osm_id": "node/11941168365", "name": "Parque Forestal", "theme": "transport", "subtype": "bus_stop", "lat": -33.4362254, "lon": -70.6392283, "distance_m": 2259, "ring": "<=5000 m"}, "geometry": {"type": "Point", "coordinates": [-70.6392283, -33.4362254]}}, {"type": "Feature", "properties": {"osm_id": "node/1175548774", "name": "PB1263-Lircay / Esq. Avenida Las Torres", "theme": "transport", "subtype": "bus_stop", "lat": -33.4053586, "lon": -70.631108, "distance_m": 2266, "ring": "<=5000 m"}, "geometry": {"type": "Point", "coordinates": [-70.631108, -33.4053586]}}, {"type": "Feature", "properties": {"osm_id": "node/1175548486", "name": "PB1415-Emiliano Zapata / esq. El Abelud", "theme": "transport", "subtype": "bus_stop", "lat": -33.3980263, "lon": -70.654601, "distance_m": 2267, "ring": "<=5000 m"}, "geometry": {"type": "Point", "coordinates": [-70.654601, -33.3980263]}}, {"type": "Feature", "properties": {"osm_id": "node/1175624601", "name": "Av. Ricardo Cumming / esq. Castillo", "theme": "transport", "subtype": "bus_stop", "lat": -33.4306076, "lon": -70.6694578, "distance_m": 2267, "ring": "<=5000 m"}, "geometry": {"type": "Point", "coordinates": [-70.6694578, -33.4306076]}}, {"type": "Feature", "properties": {"osm_id": "node/1175575526", "name": "Pablo Urzua / Avenida Independencia", "theme": "transport", "subtype": "bus_stop", "lat": -33.4018312, "lon": -70.6649934, "distance_m": 2270, "ring": "<=5000 m"}, "geometry": {"type": "Point", "coordinates": [-70.6649934, -33.4018312]}}, {"type": "Feature", "properties": {"osm_id": "node/1175686177", "name": "Pio Nono / Bellavista", "theme": "transport", "subtype": "bus_stop", "lat": -33.4347981, "lon": -70.6361343, "distance_m": 2271, "ring": "<=5000 m"}, "geometry": {"type": "Point", "coordinates": [-70.6361343, -33.4347981]}}, {"type": "Feature", "properties": {"osm_id": "node/1175624165", "name": "Puente Bulnes", "theme": "transport", "subtype": "bus_stop", "lat": -33.4284108, "lon": -70.6713105, "distance_m": 2272, "ring": "<=5000 m"}, "geometry": {"type": "Point", "coordinates": [-70.6713105, -33.4284108]}}, {"type": "Feature", "properties": {"osm_id": "node/1175575729", "name": "Enrique Soro / Presidente Eduardo Frei Montalva", "theme": "transport", "subtype": "bus_stop", "lat": -33.4214834, "lon": -70.6744132, "distance_m": 2280, "ring": "<=5000 m"}, "geometry": {"type": "Point", "coordinates": [-70.6744132, -33.4214834]}}, {"type": "Feature", "properties": {"osm_id": "node/12195419373", "name": "Miraflores / esq. Merced", "theme": "transport", "subtype": "bus_stop", "lat": -33.4382263, "lon": -70.6455491, "distance_m": 2281, "ring": "<=5000 m"}, "geometry": {"type": "Point", "coordinates": [-70.6455491, -33.4382263]}}, {"type": "Feature", "properties": {"osm_id": "node/1175621537", "name": "(M) Plaza de Armas", "theme": "transport", "subtype": "bus_stop", "lat": -33.4385696, "lon": -70.651482, "distance_m": 2282, "ring": "<=5000 m"}, "geometry": {"type": "Point", "coordinates": [-70.651482, -33.4385696]}}, {"type": "Feature", "properties": {"osm_id": "node/1175548297", "name": "Víctor Cuccuini / Avenida El Salto", "theme": "transport", "subtype": "bus_stop", "lat": -33.4041297, "lon": -70.6320298, "distance_m": 2290, "ring": "<=5000 m"}, "geometry": {"type": "Point", "coordinates": [-70.6320298, -33.4041297]}}, {"type": "Feature", "properties": {"osm_id": "node/1175622910", "name": "Iglesia La Merced", "theme": "transport", "subtype": "bus_stop", "lat": -33.438549, "lon": -70.646961, "distance_m": 2296, "ring": "<=5000 m"}, "geometry": {"type": "Point", "coordinates": [-70.646961, -33.438549]}}, {"type": "Feature", "properties": {"osm_id": "node/10284080812", "name": "Parque de los Reyes", "theme": "transport", "subtype": "stop_position", "lat": -33.432076, "lon": -70.6683774, "distance_m": 2296, "ring": "<=5000 m"}, "geometry": {"type": "Point", "coordinates": [-70.6683774, -33.432076]}}, {"type": "Feature", "properties": {"osm_id": "node/1175621783", "name": "(M) Santa Ana", "theme": "transport", "subtype": "bus_stop", "lat": -33.4368723, "lon": -70.6605112, "distance_m": 2299, "ring": "<=5000 m"}, "geometry": {"type": "Point", "coordinates": [-70.6605112, -33.4368723]}}, {"type": "Feature", "properties": {"osm_id": "node/1175551006", "name": "PB1183-Muñoz Gamero / Esq. Las Violetas", "theme": "transport", "subtype": "bus_stop", "lat": -33.4015996, "lon": -70.6350985, "distance_m": 2306, "ring": "<=5000 m"}, "geometry": {"type": "Point", "coordinates": [-70.6350985, -33.4015996]}}, {"type": "Feature", "properties": {"osm_id": "node/1175548047", "name": "Víctor Cuccuini / Avenida El Salto", "theme": "transport", "subtype": "bus_stop", "lat": -33.4038285, "lon": -70.6320305, "distance_m": 2313, "ring": "<=5000 m"}, "geometry": {"type": "Point", "coordinates": [-70.6320305, -33.4038285]}}, {"type": "Feature", "properties": {"osm_id": "node/11941168361", "name": "Teatro Municipal", "theme": "transport", "subtype": "bus_stop", "lat": -33.4388649, "lon": -70.6482971, "distance_m": 2318, "ring": "<=5000 m"}, "geometry": {"type": "Point", "coordinates": [-70.6482971, -33.4388649]}}, {"type": "Feature", "properties": {"osm_id": "node/3459452960", "name": "Bikesantiago", "theme": "transport", "subtype": "bicycle_rental", "lat": -33.434247, "lon": -70.6344078, "distance_m": 2319, "ring": "<=5000 m"}, "geometry": {"type": "Point", "coordinates": [-70.6344078, -33.434247]}}, {"type": "Feature", "properties": {"osm_id": "node/4263418100", "name": "Santo Domingo", "theme": "transport", "subtype": "subway_entrance", "lat": -33.4372352, "lon": -70.6600718, "distance_m": 2319, "ring": "<=5000 m"}, "geometry": {"type": "Point", "coordinates": [-70.6600718, -33.4372352]}}, {"type": "Feature", "properties": {"osm_id": "node/11941168363", "name": "Hermanos Amunátegui / esq. Catedral", "theme": "transport", "subtype": "bus_stop", "lat": -33.4381919, "lon": -70.656795, "distance_m": 2319, "ring": "<=5000 m"}, "geometry": {"type": "Point", "coordinates": [-70.656795, -33.4381919]}}, {"type": "Feature", "properties": {"osm_id": "node/1175601422", "name": "Pio Nono / Avenida Bellavista", "theme": "transport", "subtype": "bus_stop", "lat": -33.4346919, "lon": -70.6350494, "distance_m": 2321, "ring": "<=5000 m"}, "geometry": {"type": "Point", "coordinates": [-70.6350494, -33.4346919]}}, {"type": "Feature", "properties": {"osm_id": "node/12002342745", "name": "Puente Bulnes", "theme": "transport", "subtype": "bus_stop", "lat": -33.4286778, "lon": -70.6717302, "distance_m": 2321, "ring": "<=5000 m"}, "geometry": {"type": "Point", "coordinates": [-70.6717302, -33.4286778]}}, {"type": "Feature", "properties": {"osm_id": "node/1175631548", "name": "San Pablo / Esq. Avenida Brasil", "theme": "transport", "subtype": "bus_stop", "lat": -33.4348265, "lon": -70.6652162, "distance_m": 2327, "ring": "<=5000 m"}, "geometry": {"type": "Point", "coordinates": [-70.6652162, -33.4348265]}}, {"type": "Feature", "properties": {"osm_id": "node/1175550864", "name": "PB1142-Muñoz Gamero / Esq. Las Violetas", "theme": "transport", "subtype": "bus_stop", "lat": -33.4014967, "lon": -70.6347301, "distance_m": 2336, "ring": "<=5000 m"}, "geometry": {"type": "Point", "coordinates": [-70.6347301, -33.4014967]}}, {"type": "Feature", "properties": {"osm_id": "node/1175623811", "name": "Parque Forestal", "theme": "transport", "subtype": "bus_stop", "lat": -33.4369612, "lon": -70.6391206, "distance_m": 2337, "ring": "<=5000 m"}, "geometry": {"type": "Point", "coordinates": [-70.6391206, -33.4369612]}}, {"type": "Feature", "properties": {"osm_id": "node/1175554066", "name": "PB1178-Av. Card. José Mª Caro / Esq. 9 De Abril", "theme": "transport", "subtype": "bus_stop", "lat": -33.3970773, "lon": -70.651397, "distance_m": 2338, "ring": "<=5000 m"}, "geometry": {"type": "Point", "coordinates": [-70.651397, -33.3970773]}}, {"type": "Feature", "properties": {"osm_id": "node/1175554636", "name": "PB1512-El Guanaco / Esq. Emiliano Zapata", "theme": "transport", "subtype": "bus_stop", "lat": -33.3979272, "lon": -70.657711, "distance_m": 2347, "ring": "<=5000 m"}, "geometry": {"type": "Point", "coordinates": [-70.657711, -33.3979272]}}, {"type": "Feature", "properties": {"osm_id": "node/1175548479", "name": "PB1400-Emiliano Zapata / Esq. Bernardo O'Higgins", "theme": "transport", "subtype": "bus_stop", "lat": -33.397657, "lon": -70.6568639, "distance_m": 2354, "ring": "<=5000 m"}, "geometry": {"type": "Point", "coordinates": [-70.6568639, -33.397657]}}, {"type": "Feature", "properties": {"osm_id": "node/1175285671", "name": "Salomón Sack / Esq. Alc. G. Domínguez", "theme": "transport", "subtype": "bus_stop", "lat": -33.416793, "lon": -70.6755105, "distance_m": 2355, "ring": "<=5000 m"}, "geometry": {"type": "Point", "coordinates": [-70.6755105, -33.416793]}}]}