{"type": "FeatureCollection", "name": "poi_services", "crs": {"type": "name", "properties": {"name": "urn:ogc:def:crs:OGC:1.3:CRS84"}}, "features": [{"type": "Feature", "properties": {"osm_id": "way/1180913085", "name": "Parking", "theme": "services", "subtype": "parking", "lat": -33.4179048, "lon": -70.6501487, "distance_m": 20, "ring": "<=500 m"}, "geometry": {"type": "Point", "coordinates": [-70.6501487, -33.4179048]}}, {"type": "Feature", "properties": {"osm_id": "way/923538682", "name": "Parking", "theme": "services", "subtype": "parking", "lat": -33.4179027, "lon": -70.649429, "distance_m": 73, "ring": "<=500 m"}, "geometry": {"type": "Point", "coordinates": [-70.649429, -33.4179027]}}, {"type": "Feature", "properties": {"osm_id": "node/1910935774", "name": "Florist", "theme": "services", "subtype": "florist", "lat": -33.4176078, "lon": -70.6509619, "distance_m": 89, "ring": "<=500 m"}, "geometry": {"type": "Point", "coordinates": [-70.6509619, -33.4176078]}}, {"type": "Feature", "properties": {"osm_id": "node/1910935727", "name": "Florist", "theme": "services", "subtype": "florist", "lat": -33.4175854, "lon": -70.6510799, "distance_m": 100, "ring": "<=500 m"}, "geometry": {"type": "Point", "coordinates": [-70.6510799, -33.4175854]}}, {"type": "Feature", "properties": {"osm_id": "way/159742391", "name": "Universidad de Chile (Campus Eloísa Díaz)", "theme": "services", "subtype": "parking", "lat": -33.4181945, "lon": -70.6515384, "distance_m": 126, "ring": "<=500 m"}, "geometry": {"type": "Point", "coordinates": [-70.6515384, -33.4181945]}}, {"type": "Feature", "properties": {"osm_id": "way/445077322", "name": "La Recoleta", "theme": "services", "subtype": "cafe", "lat": -33.4193007, "lon": -70.6501713, "distance_m": 136, "ring": "<=500 m"}, "geometry": {"type": "Point", "coordinates": [-70.6501713, -33.4193007]}}, {"type": "Feature", "properties": {"osm_id": "way/180645143", "name": "Clinica Psiquiatrica Universitaria", "theme": "services", "subtype": "parking", "lat": -33.4193424, "lon": -70.6490725, "distance_m": 174, "ring": "<=500 m"}, "geometry": {"type": "Point", "coordinates": [-70.6490725, -33.4193424]}}, {"type": "Feature", "properties": {"osm_id": "node/3524695759", "name": "Askeroso", "theme": "services", "subtype": "fast_food", "lat": -33.4204509, "lon": -70.6507682, "distance_m": 269, "ring": "<=500 m"}, "geometry": {"type": "Point", "coordinates": [-70.6507682, -33.4204509]}}, {"type": "Feature", "properties": {"osm_id": "way/174857939", "name": "Cafe", "theme": "services", "subtype": "cafe", "lat": -33.4188338, "lon": -70.6533625, "distance_m": 306, "ring": "<=500 m"}, "geometry": {"type": "Point", "coordinates": [-70.6533625, -33.4188338]}}, {"type": "Feature", "properties": {"osm_id": "way/1185483276", "name": "Parking", "theme": "services", "subtype": "parking", "lat": -33.4206444, "lon": -70.6522566, "distance_m": 344, "ring": "<=500 m"}, "geometry": {"type": "Point", "coordinates": [-70.6522566, -33.4206444]}}, {"type": "Feature", "properties": {"osm_id": "way/174857949", "name": "Universidad de Chile (Campus Norte)", "theme": "services", "subtype": "parking", "lat": -33.4184711, "lon": -70.6539808, "distance_m": 355, "ring": "<=500 m"}, "geometry": {"type": "Point", "coordinates": [-70.6539808, -33.4184711]}}, {"type": "Feature", "properties": {"osm_id": "way/447532066", "name": "Mini Market Rullyton", "theme": "services", "subtype": "convenience", "lat": -33.4213238, "lon": -70.6515404, "distance_m": 382, "ring": "<=500 m"}, "geometry": {"type": "Point", "coordinates": [-70.6515404, -33.4213238]}}, {"type": "Feature", "properties": {"osm_id": "way/831640482", "name": "Parking", "theme": "services", "subtype": "parking", "lat": -33.4155571, "lon": -70.6531425, "distance_m": 392, "ring": "<=500 m"}, "geometry": {"type": "Point", "coordinates": [-70.6531425, -33.4155571]}}, {"type": "Feature", "properties": {"osm_id": "way/831640483", "name": "Parking", "theme": "services", "subtype": "parking", "lat": -33.4156548, "lon": -70.6535371, "distance_m": 412, "ring": "<=500 m"}, "geometry": {"type": "Point", "coordinates": [-70.6535371, -33.4156548]}}, {"type": "Feature", "properties": {"osm_id": "way/221519278", "name": "Parking", "theme": "services", "subtype": "parking", "lat": -33.4217249, "lon": -70.6510804, "distance_m": 414, "ring": "<=500 m"}, "geometry": {"type": "Point", "coordinates": [-70.6510804, -33.4217249]}}, {"type": "Feature", "properties": {"osm_id": "node/5013108422", "name": "Convenience", "theme": "services", "subtype": "convenience", "lat": -33.4174153, "lon": -70.6546632, "distance_m": 422, "ring": "<=500 m"}, "geometry": {"type": "Point", "coordinates": [-70.6546632, -33.4174153]}}, {"type": "Feature", "properties": {"osm_id": "way/221519281", "name": "Parking", "theme": "services", "subtype": "parking", "lat": -33.4216546, "lon": -70.6518692, "distance_m": 427, "ring": "<=500 m"}, "geometry": {"type": "Point", "coordinates": [-70.6518692, -33.4216546]}}, {"type": "Feature", "properties": {"osm_id": "node/9080881897", "name": "Cruz Verde", "theme": "services", "subtype": "pharmacy", "lat": -33.4175041, "lon": -70.6549904, "distance_m": 450, "ring": "<=500 m"}, "geometry": {"type": "Point", "coordinates": [-70.6549904, -33.4175041]}}, {"type": "Feature", "properties": {"osm_id": "node/9080881898", "name": "Castaño", "theme": "services", "subtype": "bakery", "lat": -33.4175049, "lon": -70.6550777, "distance_m": 458, "ring": "<=500 m"}, "geometry": {"type": "Point", "coordinates": [-70.6550777, -33.4175049]}}, {"type": "Feature", "properties": {"osm_id": "way/1185483291", "name": "Parking", "theme": "services", "subtype": "parking", "lat": -33.4204127, "lon": -70.6543295, "distance_m": 464, "ring": "<=500 m"}, "geometry": {"type": "Point", "coordinates": [-70.6543295, -33.4204127]}}, {"type": "Feature", "properties": {"osm_id": "node/11815957328", "name": "Little Caesars", "theme": "services", "subtype": "fast_food", "lat": -33.4175072, "lon": -70.6551512, "distance_m": 465, "ring": "<=500 m"}, "geometry": {"type": "Point", "coordinates": [-70.6551512, -33.4175072]}}, {"type": "Feature", "properties": {"osm_id": "node/9080881896", "name": "Oxxo", "theme": "services", "subtype": "convenience", "lat": -33.417521, "lon": -70.6555244, "distance_m": 499, "ring": "<=500 m"}, "geometry": {"type": "Point", "coordinates": [-70.6555244, -33.417521]}}, {"type": "Feature", "properties": {"osm_id": "way/174857951", "name": "Ricoffee", "theme": "services", "subtype": "cafe", "lat": -33.4221375, "lon": -70.6531232, "distance_m": 527, "ring": "<=1000 m"}, "geometry": {"type": "Point", "coordinates": [-70.6531232, -33.4221375]}}, {"type": "Feature", "properties": {"osm_id": "way/644556215", "name": "Parking", "theme": "services", "subtype": "parking", "lat": -33.4228185, "lon": -70.6512244, "distance_m": 536, "ring": "<=1000 m"}, "geometry": {"type": "Point", "coordinates": [-70.6512244, -33.4228185]}}, {"type": "Feature", "properties": {"osm_id": "way/1185028983", "name": "Parking", "theme": "services", "subtype": "parking", "lat": -33.4203557, "lon": -70.655358, "distance_m": 543, "ring": "<=1000 m"}, "geometry": {"type": "Point", "coordinates": [-70.655358, -33.4203557]}}, {"type": "Feature", "properties": {"osm_id": "way/579967710", "name": "Parking", "theme": "services", "subtype": "parking", "lat": -33.4230472, "lon": -70.6512266, "distance_m": 561, "ring": "<=1000 m"}, "geometry": {"type": "Point", "coordinates": [-70.6512266, -33.4230472]}}, {"type": "Feature", "properties": {"osm_id": "node/5589672120", "name": "Casino de Odontología", "theme": "services", "subtype": "restaurant", "lat": -33.4227939, "lon": -70.6524132, "distance_m": 563, "ring": "<=1000 m"}, "geometry": {"type": "Point", "coordinates": [-70.6524132, -33.4227939]}}, {"type": "Feature", "properties": {"osm_id": "way/177258700", "name": "Facultad de Odontología", "theme": "services", "subtype": "parking", "lat": -33.4229346, "lon": -70.6520563, "distance_m": 567, "ring": "<=1000 m"}, "geometry": {"type": "Point", "coordinates": [-70.6520563, -33.4229346]}}, {"type": "Feature", "properties": {"osm_id": "way/923953788", "name": "Toilets", "theme": "services", "subtype": "toilets", "lat": -33.4216371, "lon": -70.6456529, "distance_m": 577, "ring": "<=1000 m"}, "geometry": {"type": "Point", "coordinates": [-70.6456529, -33.4216371]}}, {"type": "Feature", "properties": {"osm_id": "way/183347000", "name": "Municipalidad de Independencia", "theme": "services", "subtype": "parking", "lat": -33.4222608, "lon": -70.6541874, "distance_m": 595, "ring": "<=1000 m"}, "geometry": {"type": "Point", "coordinates": [-70.6541874, -33.4222608]}}, {"type": "Feature", "properties": {"osm_id": "node/867952974", "name": "SalcoBrand", "theme": "services", "subtype": "pharmacy", "lat": -33.4204089, "lon": -70.6560857, "distance_m": 606, "ring": "<=1000 m"}, "geometry": {"type": "Point", "coordinates": [-70.6560857, -33.4204089]}}, {"type": "Feature", "properties": {"osm_id": "node/12056214155", "name": "Atm", "theme": "services", "subtype": "atm", "lat": -33.4177542, "lon": -70.6567285, "distance_m": 608, "ring": "<=1000 m"}, "geometry": {"type": "Point", "coordinates": [-70.6567285, -33.4177542]}}, {"type": "Feature", "properties": {"osm_id": "node/4425102920", "name": "Cruz Verde", "theme": "services", "subtype": "pharmacy", "lat": -33.4175092, "lon": -70.656753, "distance_m": 613, "ring": "<=1000 m"}, "geometry": {"type": "Point", "coordinates": [-70.656753, -33.4175092]}}, {"type": "Feature", "properties": {"osm_id": "way/444940653", "name": "Viva", "theme": "services", "subtype": "convenience", "lat": -33.4196405, "lon": -70.6438195, "distance_m": 616, "ring": "<=1000 m"}, "geometry": {"type": "Point", "coordinates": [-70.6438195, -33.4196405]}}, {"type": "Feature", "properties": {"osm_id": "way/177258706", "name": "Facultad de Ciencias Químicas y Farmacéuticas", "theme": "services", "subtype": "parking", "lat": -33.4231144, "lon": -70.6530892, "distance_m": 621, "ring": "<=1000 m"}, "geometry": {"type": "Point", "coordinates": [-70.6530892, -33.4231144]}}, {"type": "Feature", "properties": {"osm_id": "node/4446436753", "name": "El Peruano", "theme": "services", "subtype": "bakery", "lat": -33.4204381, "lon": -70.6562779, "distance_m": 623, "ring": "<=1000 m"}, "geometry": {"type": "Point", "coordinates": [-70.6562779, -33.4204381]}}, {"type": "Feature", "properties": {"osm_id": "node/4734918423", "name": "Crazy Pollos", "theme": "services", "subtype": "restaurant", "lat": -33.421154, "lon": -70.6558587, "distance_m": 628, "ring": "<=1000 m"}, "geometry": {"type": "Point", "coordinates": [-70.6558587, -33.421154]}}, {"type": "Feature", "properties": {"osm_id": "way/446188744", "name": "Restaurant", "theme": "services", "subtype": "restaurant", "lat": -33.4171295, "lon": -70.6568718, "distance_m": 629, "ring": "<=1000 m"}, "geometry": {"type": "Point", "coordinates": [-70.6568718, -33.4171295]}}, {"type": "Feature", "properties": {"osm_id": "way/445059612", "name": "Tacu Tacu", "theme": "services", "subtype": "restaurant", "lat": -33.4174658, "lon": -70.6569351, "distance_m": 630, "ring": "<=1000 m"}, "geometry": {"type": "Point", "coordinates": [-70.6569351, -33.4174658]}}, {"type": "Feature", "properties": {"osm_id": "way/444939165", "name": "Hotel Mansion", "theme": "services", "subtype": "hotel", "lat": -33.4169639, "lon": -70.643467, "distance_m": 636, "ring": "<=1000 m"}, "geometry": {"type": "Point", "coordinates": [-70.643467, -33.4169639]}}, {"type": "Feature", "properties": {"osm_id": "way/1272451391", "name": "McDonald's", "theme": "services", "subtype": "fast_food", "lat": -33.4209441, "lon": -70.6561344, "distance_m": 637, "ring": "<=1000 m"}, "geometry": {"type": "Point", "coordinates": [-70.6561344, -33.4209441]}}, {"type": "Feature", "properties": {"osm_id": "way/444953039", "name": "Papa John's", "theme": "services", "subtype": "fast_food", "lat": -33.4222609, "lon": -70.645377, "distance_m": 644, "ring": "<=1000 m"}, "geometry": {"type": "Point", "coordinates": [-70.645377, -33.4222609]}}, {"type": "Feature", "properties": {"osm_id": "way/445059610", "name": "Delicia Sureña", "theme": "services", "subtype": "restaurant", "lat": -33.4174721, "lon": -70.6571372, "distance_m": 649, "ring": "<=1000 m"}, "geometry": {"type": "Point", "coordinates": [-70.6571372, -33.4174721]}}, {"type": "Feature", "properties": {"osm_id": "node/4423973737", "name": "Sushi Po", "theme": "services", "subtype": "restaurant", "lat": -33.4160786, "lon": -70.6435853, "distance_m": 652, "ring": "<=1000 m"}, "geometry": {"type": "Point", "coordinates": [-70.6435853, -33.4160786]}}, {"type": "Feature", "properties": {"osm_id": "node/4446363930", "name": "Subway", "theme": "services", "subtype": "fast_food", "lat": -33.4221625, "lon": -70.6552941, "distance_m": 656, "ring": "<=1000 m"}, "geometry": {"type": "Point", "coordinates": [-70.6552941, -33.4221625]}}, {"type": "Feature", "properties": {"osm_id": "way/829220443", "name": "Parking", "theme": "services", "subtype": "parking", "lat": -33.4236994, "lon": -70.6475214, "distance_m": 672, "ring": "<=1000 m"}, "geometry": {"type": "Point", "coordinates": [-70.6475214, -33.4236994]}}, {"type": "Feature", "properties": {"osm_id": "node/12233182874", "name": "Farmacias del Dr. Simi", "theme": "services", "subtype": "pharmacy", "lat": -33.4226616, "lon": -70.6453556, "distance_m": 679, "ring": "<=1000 m"}, "geometry": {"type": "Point", "coordinates": [-70.6453556, -33.4226616]}}, {"type": "Feature", "properties": {"osm_id": "node/4423986898", "name": "Pharmacy", "theme": "services", "subtype": "pharmacy", "lat": -33.4221448, "lon": -70.6447176, "distance_m": 680, "ring": "<=1000 m"}, "geometry": {"type": "Point", "coordinates": [-70.6447176, -33.4221448]}}, {"type": "Feature", "properties": {"osm_id": "way/829220444", "name": "Parking", "theme": "services", "subtype": "parking", "lat": -33.4240142, "lon": -70.6479814, "distance_m": 691, "ring": "<=1000 m"}, "geometry": {"type": "Point", "coordinates": [-70.6479814, -33.4240142]}}, {"type": "Feature", "properties": {"osm_id": "node/11105954873", "name": "Farmacias Ahumada", "theme": "services", "subtype": "pharmacy", "lat": -33.42401, "lon": -70.653293, "distance_m": 720, "ring": "<=1000 m"}, "geometry": {"type": "Point", "coordinates": [-70.653293, -33.42401]}}, {"type": "Feature", "properties": {"osm_id": "node/4446436758", "name": "Punto Peruano", "theme": "services", "subtype": "restaurant", "lat": -33.4206525, "lon": -70.6573601, "distance_m": 725, "ring": "<=1000 m"}, "geometry": {"type": "Point", "coordinates": [-70.6573601, -33.4206525]}}, {"type": "Feature", "properties": {"osm_id": "node/5244558422", "name": "Casa Árbol", "theme": "services", "subtype": "hostel", "lat": -33.4221148, "lon": -70.643939, "distance_m": 733, "ring": "<=1000 m"}, "geometry": {"type": "Point", "coordinates": [-70.643939, -33.4221148]}}, {"type": "Feature", "properties": {"osm_id": "node/11105954870", "name": "Cruz Verde", "theme": "services", "subtype": "pharmacy", "lat": -33.4239428, "lon": -70.6537972, "distance_m": 733, "ring": "<=1000 m"}, "geometry": {"type": "Point", "coordinates": [-70.6537972, -33.4239428]}}, {"type": "Feature", "properties": {"osm_id": "node/4423994723", "name": "Soluprint", "theme": "services", "subtype": "convenience", "lat": -33.4231769, "lon": -70.6450445, "distance_m": 741, "ring": "<=1000 m"}, "geometry": {"type": "Point", "coordinates": [-70.6450445, -33.4231769]}}, {"type": "Feature", "properties": {"osm_id": "way/446183565", "name": "Farmacias Hernandez", "theme": "services", "subtype": "pharmacy", "lat": -33.4154832, "lon": -70.657542, "distance_m": 741, "ring": "<=1000 m"}, "geometry": {"type": "Point", "coordinates": [-70.657542, -33.4154832]}}, {"type": "Feature", "properties": {"osm_id": "node/2079917122", "name": "El Quitapenas", "theme": "services", "subtype": "restaurant", "lat": -33.4141474, "lon": -70.6434336, "distance_m": 764, "ring": "<=1000 m"}, "geometry": {"type": "Point", "coordinates": [-70.6434336, -33.4141474]}}, {"type": "Feature", "properties": {"osm_id": "node/11105954875", "name": "Juan Valdez Café", "theme": "services", "subtype": "cafe", "lat": -33.4239361, "lon": -70.6544892, "distance_m": 764, "ring": "<=1000 m"}, "geometry": {"type": "Point", "coordinates": [-70.6544892, -33.4239361]}}, {"type": "Feature", "properties": {"osm_id": "node/11105954886", "name": "Yogen Früz", "theme": "services", "subtype": "ice_cream", "lat": -33.4241398, "lon": -70.6541888, "distance_m": 769, "ring": "<=1000 m"}, "geometry": {"type": "Point", "coordinates": [-70.6541888, -33.4241398]}}, {"type": "Feature", "properties": {"osm_id": "node/11105954881", "name": "SalcoBrand", "theme": "services", "subtype": "pharmacy", "lat": -33.4245808, "lon": -70.6530301, "distance_m": 770, "ring": "<=1000 m"}, "geometry": {"type": "Point", "coordinates": [-70.6530301, -33.4245808]}}, {"type": "Feature", "properties": {"osm_id": "node/13069220440", "name": "Las Carolinas", "theme": "services", "subtype": "convenience", "lat": -33.4124555, "lon": -70.6550832, "distance_m": 773, "ring": "<=1000 m"}, "geometry": {"type": "Point", "coordinates": [-70.6550832, -33.4124555]}}, {"type": "Feature", "properties": {"osm_id": "way/1312692660", "name": "Burger King", "theme": "services", "subtype": "fast_food", "lat": -33.4233739, "lon": -70.655674, "distance_m": 778, "ring": "<=1000 m"}, "geometry": {"type": "Point", "coordinates": [-70.655674, -33.4233739]}}, {"type": "Feature", "properties": {"osm_id": "node/11105954884", "name": "Subway", "theme": "services", "subtype": "fast_food", "lat": -33.4244734, "lon": -70.6536899, "distance_m": 782, "ring": "<=1000 m"}, "geometry": {"type": "Point", "coordinates": [-70.6536899, -33.4244734]}}, {"type": "Feature", "properties": {"osm_id": "node/11105954871", "name": "Farmacias del Dr. Simi", "theme": "services", "subtype": "pharmacy", "lat": -33.4245786, "lon": -70.6535317, "distance_m": 786, "ring": "<=1000 m"}, "geometry": {"type": "Point", "coordinates": [-70.6535317, -33.4245786]}}, {"type": "Feature", "properties": {"osm_id": "node/11105954868", "name": "Carl's Jr.", "theme": "services", "subtype": "fast_food", "lat": -33.4244644, "lon": -70.6539072, "distance_m": 789, "ring": "<=1000 m"}, "geometry": {"type": "Point", "coordinates": [-70.6539072, -33.4244644]}}, {"type": "Feature", "properties": {"osm_id": "node/10726814222", "name": "Starbucks", "theme": "services", "subtype": "cafe", "lat": -33.4242415, "lon": -70.6544439, "distance_m": 791, "ring": "<=1000 m"}, "geometry": {"type": "Point", "coordinates": [-70.6544439, -33.4242415]}}, {"type": "Feature", "properties": {"osm_id": "node/4445354492", "name": "Bar", "theme": "services", "subtype": "bar", "lat": -33.4250279, "lon": -70.6521984, "distance_m": 795, "ring": "<=1000 m"}, "geometry": {"type": "Point", "coordinates": [-70.6521984, -33.4250279]}}, {"type": "Feature", "properties": {"osm_id": "node/4423963809", "name": "El Rincón de los Amigos", "theme": "services", "subtype": "restaurant", "lat": -33.4141681, "lon": -70.6429692, "distance_m": 799, "ring": "<=1000 m"}, "geometry": {"type": "Point", "coordinates": [-70.6429692, -33.4141681]}}, {"type": "Feature", "properties": {"osm_id": "node/11105954877", "name": "McDonald's", "theme": "services", "subtype": "fast_food", "lat": -33.424704, "lon": -70.6536873, "distance_m": 805, "ring": "<=1000 m"}, "geometry": {"type": "Point", "coordinates": [-70.6536873, -33.424704]}}, {"type": "Feature", "properties": {"osm_id": "node/11105954885", "name": "Wendy's", "theme": "services", "subtype": "fast_food", "lat": -33.4245428, "lon": -70.6540896, "distance_m": 805, "ring": "<=1000 m"}, "geometry": {"type": "Point", "coordinates": [-70.6540896, -33.4245428]}}, {"type": "Feature", "properties": {"osm_id": "node/11105954872", "name": "Dunkin'", "theme": "services", "subtype": "fast_food", "lat": -33.424639, "lon": -70.6538965, "distance_m": 807, "ring": "<=1000 m"}, "geometry": {"type": "Point", "coordinates": [-70.6538965, -33.424639]}}, {"type": "Feature", "properties": {"osm_id": "node/13152926138", "name": "Under Pizza", "theme": "services", "subtype": "fast_food", "lat": -33.42454, "lon": -70.654232, "distance_m": 811, "ring": "<=1000 m"}, "geometry": {"type": "Point", "coordinates": [-70.654232, -33.42454]}}, {"type": "Feature", "properties": {"osm_id": "node/4446104009", "name": "La Trujillanita 2", "theme": "services", "subtype": "restaurant", "lat": -33.4249966, "lon": -70.6531157, "distance_m": 816, "ring": "<=1000 m"}, "geometry": {"type": "Point", "coordinates": [-70.6531157, -33.4249966]}}, {"type": "Feature", "properties": {"osm_id": "node/4425325880", "name": "Wasi-Peru", "theme": "services", "subtype": "restaurant", "lat": -33.4132958, "lon": -70.6434153, "distance_m": 823, "ring": "<=1000 m"}, "geometry": {"type": "Point", "coordinates": [-70.6434153, -33.4132958]}}, {"type": "Feature", "properties": {"osm_id": "node/4425325883", "name": "El Tipico Dominicano", "theme": "services", "subtype": "restaurant", "lat": -33.4131783, "lon": -70.643418, "distance_m": 832, "ring": "<=1000 m"}, "geometry": {"type": "Point", "coordinates": [-70.643418, -33.4131783]}}, {"type": "Feature", "properties": {"osm_id": "node/4424150656", "name": "Entre Amigos", "theme": "services", "subtype": "restaurant", "lat": -33.4246784, "lon": -70.6458063, "distance_m": 839, "ring": "<=1000 m"}, "geometry": {"type": "Point", "coordinates": [-70.6458063, -33.4246784]}}, {"type": "Feature", "properties": {"osm_id": "node/4424150661", "name": "Las Milbes Almacén", "theme": "services", "subtype": "convenience", "lat": -33.4247583, "lon": -70.6458273, "distance_m": 846, "ring": "<=1000 m"}, "geometry": {"type": "Point", "coordinates": [-70.6458273, -33.4247583]}}, {"type": "Feature", "properties": {"osm_id": "node/4424150665", "name": "El Pollo Loco", "theme": "services", "subtype": "restaurant", "lat": -33.4248716, "lon": -70.645877, "distance_m": 855, "ring": "<=1000 m"}, "geometry": {"type": "Point", "coordinates": [-70.645877, -33.4248716]}}, {"type": "Feature", "properties": {"osm_id": "node/4424150668", "name": "Sushi Yoneu", "theme": "services", "subtype": "restaurant", "lat": -33.4249306, "lon": -70.6458942, "distance_m": 860, "ring": "<=1000 m"}, "geometry": {"type": "Point", "coordinates": [-70.6458942, -33.4249306]}}, {"type": "Feature", "properties": {"osm_id": "node/4424150669", "name": "Pollo a la Braza", "theme": "services", "subtype": "restaurant", "lat": -33.4249897, "lon": -70.6459229, "distance_m": 864, "ring": "<=1000 m"}, "geometry": {"type": "Point", "coordinates": [-70.6459229, -33.4249897]}}, {"type": "Feature", "properties": {"osm_id": "node/11539069587", "name": "Donde Merelo", "theme": "services", "subtype": "fast_food", "lat": -33.4167714, "lon": -70.641001, "distance_m": 865, "ring": "<=1000 m"}, "geometry": {"type": "Point", "coordinates": [-70.641001, -33.4167714]}}, {"type": "Feature", "properties": {"osm_id": "node/11105954887", "name": "Work Café Santander", "theme": "services", "subtype": "cafe", "lat": -33.4249681, "lon": -70.6545375, "distance_m": 866, "ring": "<=1000 m"}, "geometry": {"type": "Point", "coordinates": [-70.6545375, -33.4249681]}}, {"type": "Feature", "properties": {"osm_id": "way/445077326", "name": "El Rocoto del Juako", "theme": "services", "subtype": "restaurant", "lat": -33.412754, "lon": -70.6433348, "distance_m": 869, "ring": "<=1000 m"}, "geometry": {"type": "Point", "coordinates": [-70.6433348, -33.412754]}}, {"type": "Feature", "properties": {"osm_id": "node/4446319908", "name": "Mini Market Camilita", "theme": "services", "subtype": "convenience", "lat": -33.4211005, "lon": -70.6588534, "distance_m": 872, "ring": "<=1000 m"}, "geometry": {"type": "Point", "coordinates": [-70.6588534, -33.4211005]}}, {"type": "Feature", "properties": {"osm_id": "way/446183562", "name": "Restaurant", "theme": "services", "subtype": "restaurant", "lat": -33.4138742, "lon": -70.6582482, "distance_m": 882, "ring": "<=1000 m"}, "geometry": {"type": "Point", "coordinates": [-70.6582482, -33.4138742]}}, {"type": "Feature", "properties": {"osm_id": "way/1297422414", "name": "Punto", "theme": "services", "subtype": "convenience", "lat": -33.4250087, "lon": -70.6452797, "distance_m": 895, "ring": "<=1000 m"}, "geometry": {"type": "Point", "coordinates": [-70.6452797, -33.4250087]}}, {"type": "Feature", "properties": {"osm_id": "node/10158379799", "name": "Florist", "theme": "services", "subtype": "florist", "lat": -33.4196271, "lon": -70.6403978, "distance_m": 925, "ring": "<=1000 m"}, "geometry": {"type": "Point", "coordinates": [-70.6403978, -33.4196271]}}, {"type": "Feature", "properties": {"osm_id": "node/6003266326", "name": "Toilets", "theme": "services", "subtype": "toilets", "lat": -33.4250169, "lon": -70.644603, "distance_m": 929, "ring": "<=1000 m"}, "geometry": {"type": "Point", "coordinates": [-70.644603, -33.4250169]}}, {"type": "Feature", "properties": {"osm_id": "node/10158379797", "name": "Florist", "theme": "services", "subtype": "florist", "lat": -33.4195218, "lon": -70.6403267, "distance_m": 929, "ring": "<=1000 m"}, "geometry": {"type": "Point", "coordinates": [-70.6403267, -33.4195218]}}, {"type": "Feature", "properties": {"osm_id": "node/10917409299", "name": "Parking", "theme": "services", "subtype": "parking", "lat": -33.4248922, "lon": -70.6442427, "distance_m": 937, "ring": "<=1000 m"}, "geometry": {"type": "Point", "coordinates": [-70.6442427, -33.4248922]}}, {"type": "Feature", "properties": {"osm_id": "way/1114741895", "name": "Parking", "theme": "services", "subtype": "parking", "lat": -33.4263577, "lon": -70.6479035, "distance_m": 945, "ring": "<=1000 m"}, "geometry": {"type": "Point", "coordinates": [-70.6479035, -33.4263577]}}, {"type": "Feature", "properties": {"osm_id": "node/4435067127", "name": "Del Solo Pizza", "theme": "services", "subtype": "restaurant", "lat": -33.4131233, "lon": -70.6586124, "distance_m": 957, "ring": "<=1000 m"}, "geometry": {"type": "Point", "coordinates": [-70.6586124, -33.4131233]}}, {"type": "Feature", "properties": {"osm_id": "node/6946305131", "name": "Toilets", "theme": "services", "subtype": "toilets", "lat": -33.4209271, "lon": -70.6403822, "distance_m": 963, "ring": "<=1000 m"}, "geometry": {"type": "Point", "coordinates": [-70.6403822, -33.4209271]}}, {"type": "Feature", "properties": {"osm_id": "way/1221222062", "name": "Parking", "theme": "services", "subtype": "parking", "lat": -33.4136635, "lon": -70.6411149, "distance_m": 975, "ring": "<=1000 m"}, "geometry": {"type": "Point", "coordinates": [-70.6411149, -33.4136635]}}, {"type": "Feature", "properties": {"osm_id": "node/4435067116", "name": "Ky M", "theme": "services", "subtype": "cafe", "lat": -33.4128814, "lon": -70.6587304, "distance_m": 981, "ring": "<=1000 m"}, "geometry": {"type": "Point", "coordinates": [-70.6587304, -33.4128814]}}, {"type": "Feature", "properties": {"osm_id": "way/446183558", "name": "G&C", "theme": "services", "subtype": "bakery", "lat": -33.4128403, "lon": -70.6587713, "distance_m": 987, "ring": "<=1000 m"}, "geometry": {"type": "Point", "coordinates": [-70.6587713, -33.4128403]}}, {"type": "Feature", "properties": {"osm_id": "way/447533805", "name": "Pollo Dorado", "theme": "services", "subtype": "restaurant", "lat": -33.4213235, "lon": -70.6601912, "distance_m": 996, "ring": "<=1000 m"}, "geometry": {"type": "Point", "coordinates": [-70.6601912, -33.4213235]}}, {"type": "Feature", "properties": {"osm_id": "node/4446487013", "name": "Mi Chimbote", "theme": "services", "subtype": "restaurant", "lat": -33.4194901, "lon": -70.6608371, "distance_m": 1001, "ring": "<=2000 m"}, "geometry": {"type": "Point", "coordinates": [-70.6608371, -33.4194901]}}, {"type": "Feature", "properties": {"osm_id": "way/742028240", "name": "Toilets", "theme": "services", "subtype": "toilets", "lat": -33.4188914, "lon": -70.6393681, "distance_m": 1008, "ring": "<=2000 m"}, "geometry": {"type": "Point", "coordinates": [-70.6393681, -33.4188914]}}, {"type": "Feature", "properties": {"osm_id": "way/742028243", "name": "Parking", "theme": "services", "subtype": "parking", "lat": -33.418542, "lon": -70.6393366, "distance_m": 1008, "ring": "<=2000 m"}, "geometry": {"type": "Point", "coordinates": [-70.6393366, -33.418542]}}, {"type": "Feature", "properties": {"osm_id": "node/4444742829", "name": "El Trébol", "theme": "services", "subtype": "convenience", "lat": -33.4257969, "lon": -70.6563648, "distance_m": 1032, "ring": "<=2000 m"}, "geometry": {"type": "Point", "coordinates": [-70.6563648, -33.4257969]}}, {"type": "Feature", "properties": {"osm_id": "node/4446157562", "name": "Chimú", "theme": "services", "subtype": "restaurant", "lat": -33.4256985, "lon": -70.6568639, "distance_m": 1050, "ring": "<=2000 m"}, "geometry": {"type": "Point", "coordinates": [-70.6568639, -33.4256985]}}, {"type": "Feature", "properties": {"osm_id": "way/555001261", "name": "Toilets", "theme": "services", "subtype": "toilets", "lat": -33.4200096, "lon": -70.6390243, "distance_m": 1058, "ring": "<=2000 m"}, "geometry": {"type": "Point", "coordinates": [-70.6390243, -33.4200096]}}, {"type": "Feature", "properties": {"osm_id": "node/4446363925", "name": "Mini Market Maximercado", "theme": "services", "subtype": "convenience", "lat": -33.4227703, "lon": -70.6601368, "distance_m": 1061, "ring": "<=2000 m"}, "geometry": {"type": "Point", "coordinates": [-70.6601368, -33.4227703]}}, {"type": "Feature", "properties": {"osm_id": "node/4423994744", "name": "Sol", "theme": "services", "subtype": "restaurant", "lat": -33.4270272, "lon": -70.6461654, "distance_m": 1063, "ring": "<=2000 m"}, "geometry": {"type": "Point", "coordinates": [-70.6461654, -33.4270272]}}, {"type": "Feature", "properties": {"osm_id": "way/446183553", "name": "Abasto Express", "theme": "services", "subtype": "convenience", "lat": -33.4121091, "lon": -70.6591696, "distance_m": 1066, "ring": "<=2000 m"}, "geometry": {"type": "Point", "coordinates": [-70.6591696, -33.4121091]}}, {"type": "Feature", "properties": {"osm_id": "way/446183552", "name": "La Morenita Ecuatoriana", "theme": "services", "subtype": "restaurant", "lat": -33.4120278, "lon": -70.6591626, "distance_m": 1071, "ring": "<=2000 m"}, "geometry": {"type": "Point", "coordinates": [-70.6591626, -33.4120278]}}, {"type": "Feature", "properties": {"osm_id": "way/447306757", "name": "Al Paso", "theme": "services", "subtype": "cafe", "lat": -33.4259056, "lon": -70.6432639, "distance_m": 1082, "ring": "<=2000 m"}, "geometry": {"type": "Point", "coordinates": [-70.6432639, -33.4259056]}}, {"type": "Feature", "properties": {"osm_id": "way/447542775", "name": "Ely", "theme": "services", "subtype": "cafe", "lat": -33.4270114, "lon": -70.6548513, "distance_m": 1083, "ring": "<=2000 m"}, "geometry": {"type": "Point", "coordinates": [-70.6548513, -33.4270114]}}, {"type": "Feature", "properties": {"osm_id": "node/4423963799", "name": "Farmacia Gandana", "theme": "services", "subtype": "pharmacy", "lat": -33.413907, "lon": -70.6396367, "distance_m": 1084, "ring": "<=2000 m"}, "geometry": {"type": "Point", "coordinates": [-70.6396367, -33.413907]}}, {"type": "Feature", "properties": {"osm_id": "node/11327864536", "name": "Parking", "theme": "services", "subtype": "parking", "lat": -33.4095975, "lon": -70.6559407, "distance_m": 1084, "ring": "<=2000 m"}, "geometry": {"type": "Point", "coordinates": [-70.6559407, -33.4095975]}}, {"type": "Feature", "properties": {"osm_id": "node/4423994749", "name": "Comida el Paso", "theme": "services", "subtype": "restaurant", "lat": -33.4273194, "lon": -70.6462351, "distance_m": 1091, "ring": "<=2000 m"}, "geometry": {"type": "Point", "coordinates": [-70.6462351, -33.4273194]}}, {"type": "Feature", "properties": {"osm_id": "node/4446157570", "name": "Chifa", "theme": "services", "subtype": "restaurant", "lat": -33.4258567, "lon": -70.6574262, "distance_m": 1095, "ring": "<=2000 m"}, "geometry": {"type": "Point", "coordinates": [-70.6574262, -33.4258567]}}, {"type": "Feature", "properties": {"osm_id": "way/1272611577", "name": "Farmacia Rosario", "theme": "services", "subtype": "pharmacy", "lat": -33.4112377, "lon": -70.658719, "distance_m": 1098, "ring": "<=2000 m"}, "geometry": {"type": "Point", "coordinates": [-70.658719, -33.4112377]}}, {"type": "Feature", "properties": {"osm_id": "node/4446157571", "name": "Pica Pollo", "theme": "services", "subtype": "restaurant", "lat": -33.4258789, "lon": -70.6574951, "distance_m": 1101, "ring": "<=2000 m"}, "geometry": {"type": "Point", "coordinates": [-70.6574951, -33.4258789]}}, {"type": "Feature", "properties": {"osm_id": "node/4435067092", "name": "El Frente", "theme": "services", "subtype": "convenience", "lat": -33.4116044, "lon": -70.6592341, "distance_m": 1106, "ring": "<=2000 m"}, "geometry": {"type": "Point", "coordinates": [-70.6592341, -33.4116044]}}, {"type": "Feature", "properties": {"osm_id": "node/4442996080", "name": "Erbi", "theme": "services", "subtype": "convenience", "lat": -33.4234647, "lon": -70.6399504, "distance_m": 1123, "ring": "<=2000 m"}, "geometry": {"type": "Point", "coordinates": [-70.6399504, -33.4234647]}}, {"type": "Feature", "properties": {"osm_id": "node/11031733008", "name": "La Empanada Mía", "theme": "services", "subtype": "bakery", "lat": -33.414491, "lon": -70.6388272, "distance_m": 1127, "ring": "<=2000 m"}, "geometry": {"type": "Point", "coordinates": [-70.6388272, -33.414491]}}, {"type": "Feature", "properties": {"osm_id": "way/446183550", "name": "Telepollo", "theme": "services", "subtype": "fast_food", "lat": -33.4113747, "lon": -70.6594022, "distance_m": 1135, "ring": "<=2000 m"}, "geometry": {"type": "Point", "coordinates": [-70.6594022, -33.4113747]}}, {"type": "Feature", "properties": {"osm_id": "way/459591141", "name": "Parking", "theme": "services", "subtype": "parking", "lat": -33.428232, "lon": -70.6487973, "distance_m": 1136, "ring": "<=2000 m"}, "geometry": {"type": "Point", "coordinates": [-70.6487973, -33.428232]}}, {"type": "Feature", "properties": {"osm_id": "node/4442996075", "name": "Cruz Verde", "theme": "services", "subtype": "pharmacy", "lat": -33.4236312, "lon": -70.6398892, "distance_m": 1138, "ring": "<=2000 m"}, "geometry": {"type": "Point", "coordinates": [-70.6398892, -33.4236312]}}, {"type": "Feature", "properties": {"osm_id": "way/459591139", "name": "Parking", "theme": "services", "subtype": "parking", "lat": -33.428392, "lon": -70.649676, "distance_m": 1148, "ring": "<=2000 m"}, "geometry": {"type": "Point", "coordinates": [-70.649676, -33.428392]}}, {"type": "Feature", "properties": {"osm_id": "node/4424173028", "name": "Farmacia La Botica Cubana", "theme": "services", "subtype": "pharmacy", "lat": -33.4280273, "lon": -70.6467807, "distance_m": 1150, "ring": "<=2000 m"}, "geometry": {"type": "Point", "coordinates": [-70.6467807, -33.4280273]}}, {"type": "Feature", "properties": {"osm_id": "way/1114741855", "name": "Parking", "theme": "services", "subtype": "parking", "lat": -33.4235355, "lon": -70.6395459, "distance_m": 1159, "ring": "<=2000 m"}, "geometry": {"type": "Point", "coordinates": [-70.6395459, -33.4235355]}}, {"type": "Feature", "properties": {"osm_id": "node/4424173031", "name": "Busy Body Restaurant", "theme": "services", "subtype": "restaurant", "lat": -33.4281406, "lon": -70.6468113, "distance_m": 1162, "ring": "<=2000 m"}, "geometry": {"type": "Point", "coordinates": [-70.6468113, -33.4281406]}}, {"type": "Feature", "properties": {"osm_id": "node/4554012709", "name": "Cafe Altura", "theme": "services", "subtype": "cafe", "lat": -33.4284132, "lon": -70.6483339, "distance_m": 1162, "ring": "<=2000 m"}, "geometry": {"type": "Point", "coordinates": [-70.6483339, -33.4284132]}}, {"type": "Feature", "properties": {"osm_id": "node/11454312616", "name": "Seven Pizza", "theme": "services", "subtype": "restaurant", "lat": -33.4269694, "lon": -70.6434853, "distance_m": 1168, "ring": "<=2000 m"}, "geometry": {"type": "Point", "coordinates": [-70.6434853, -33.4269694]}}, {"type": "Feature", "properties": {"osm_id": "node/6325397646", "name": "Suculenta Sangucheria Vegana", "theme": "services", "subtype": "restaurant", "lat": -33.4268501, "lon": -70.643203, "distance_m": 1171, "ring": "<=2000 m"}, "geometry": {"type": "Point", "coordinates": [-70.643203, -33.4268501]}}, {"type": "Feature", "properties": {"osm_id": "way/830627074", "name": "Parking", "theme": "services", "subtype": "parking", "lat": -33.4201553, "lon": -70.6626594, "distance_m": 1180, "ring": "<=2000 m"}, "geometry": {"type": "Point", "coordinates": [-70.6626594, -33.4201553]}}, {"type": "Feature", "properties": {"osm_id": "node/4446204308", "name": "Farmacia La Urgencia", "theme": "services", "subtype": "pharmacy", "lat": -33.4283774, "lon": -70.6536223, "distance_m": 1189, "ring": "<=2000 m"}, "geometry": {"type": "Point", "coordinates": [-70.6536223, -33.4283774]}}, {"type": "Feature", "properties": {"osm_id": "way/447311473", "name": "Ají Seco", "theme": "services", "subtype": "restaurant", "lat": -33.4282205, "lon": -70.6547523, "distance_m": 1205, "ring": "<=2000 m"}, "geometry": {"type": "Point", "coordinates": [-70.6547523, -33.4282205]}}, {"type": "Feature", "properties": {"osm_id": "way/915904810", "name": "El Huaranino", "theme": "services", "subtype": "restaurant", "lat": -33.4283918, "lon": -70.6541862, "distance_m": 1205, "ring": "<=2000 m"}, "geometry": {"type": "Point", "coordinates": [-70.6541862, -33.4283918]}}, {"type": "Feature", "properties": {"osm_id": "way/1214230421", "name": "Parking", "theme": "services", "subtype": "parking", "lat": -33.4262906, "lon": -70.6416397, "distance_m": 1209, "ring": "<=2000 m"}, "geometry": {"type": "Point", "coordinates": [-70.6416397, -33.4262906]}}, {"type": "Feature", "properties": {"osm_id": "node/4425537749", "name": "Cruz Verde", "theme": "services", "subtype": "pharmacy", "lat": -33.4195878, "lon": -70.663157, "distance_m": 1215, "ring": "<=2000 m"}, "geometry": {"type": "Point", "coordinates": [-70.663157, -33.4195878]}}, {"type": "Feature", "properties": {"osm_id": "node/4425537750", "name": "Lalo's", "theme": "services", "subtype": "restaurant", "lat": -33.4200926, "lon": -70.6630759, "distance_m": 1217, "ring": "<=2000 m"}, "geometry": {"type": "Point", "coordinates": [-70.6630759, -33.4200926]}}, {"type": "Feature", "properties": {"osm_id": "node/9962266082", "name": "Subway", "theme": "services", "subtype": "fast_food", "lat": -33.4286062, "lon": -70.6465915, "distance_m": 1217, "ring": "<=2000 m"}, "geometry": {"type": "Point", "coordinates": [-70.6465915, -33.4286062]}}, {"type": "Feature", "properties": {"osm_id": "way/1197249677", "name": "Parking", "theme": "services", "subtype": "parking", "lat": -33.4287738, "lon": -70.6471738, "distance_m": 1222, "ring": "<=2000 m"}, "geometry": {"type": "Point", "coordinates": [-70.6471738, -33.4287738]}}, {"type": "Feature", "properties": {"osm_id": "node/4425346296", "name": "Lonquen 2", "theme": "services", "subtype": "restaurant", "lat": -33.4087564, "lon": -70.6431967, "distance_m": 1223, "ring": "<=2000 m"}, "geometry": {"type": "Point", "coordinates": [-70.6431967, -33.4087564]}}, {"type": "Feature", "properties": {"osm_id": "node/4425193603", "name": "Angelita", "theme": "services", "subtype": "restaurant", "lat": -33.4085692, "lon": -70.6434583, "distance_m": 1228, "ring": "<=2000 m"}, "geometry": {"type": "Point", "coordinates": [-70.6434583, -33.4085692]}}, {"type": "Feature", "properties": {"osm_id": "node/4444756115", "name": "Mi Abuelita Ana", "theme": "services", "subtype": "bakery", "lat": -33.4283127, "lon": -70.6551534, "distance_m": 1228, "ring": "<=2000 m"}, "geometry": {"type": "Point", "coordinates": [-70.6551534, -33.4283127]}}, {"type": "Feature", "properties": {"osm_id": "node/704789490", "name": "Panadería Rapa Nui", "theme": "services", "subtype": "bakery", "lat": -33.4258152, "lon": -70.6407187, "distance_m": 1230, "ring": "<=2000 m"}, "geometry": {"type": "Point", "coordinates": [-70.6407187, -33.4258152]}}, {"type": "Feature", "properties": {"osm_id": "node/7463973372", "name": "Yeppo - Cafetería y Cosméticos Coreanos", "theme": "services", "subtype": "cafe", "lat": -33.4278093, "lon": -70.6436658, "distance_m": 1240, "ring": "<=2000 m"}, "geometry": {"type": "Point", "coordinates": [-70.6436658, -33.4278093]}}, {"type": "Feature", "properties": {"osm_id": "way/447539257", "name": "Hotel Plaza", "theme": "services", "subtype": "hotel", "lat": -33.4165924, "lon": -70.663647, "distance_m": 1260, "ring": "<=2000 m"}, "geometry": {"type": "Point", "coordinates": [-70.663647, -33.4165924]}}, {"type": "Feature", "properties": {"osm_id": "node/4425658852", "name": "Ven Market", "theme": "services", "subtype": "convenience", "lat": -33.4212967, "lon": -70.6632308, "distance_m": 1262, "ring": "<=2000 m"}, "geometry": {"type": "Point", "coordinates": [-70.6632308, -33.4212967]}}, {"type": "Feature", "properties": {"osm_id": "node/4425193609", "name": "Donde Rene", "theme": "services", "subtype": "restaurant", "lat": -33.4082259, "lon": -70.6434072, "distance_m": 1264, "ring": "<=2000 m"}, "geometry": {"type": "Point", "coordinates": [-70.6434072, -33.4082259]}}, {"type": "Feature", "properties": {"osm_id": "node/12236404954", "name": "Atm", "theme": "services", "subtype": "atm", "lat": -33.4293973, "lon": -70.6486349, "distance_m": 1267, "ring": "<=2000 m"}, "geometry": {"type": "Point", "coordinates": [-70.6486349, -33.4293973]}}, {"type": "Feature", "properties": {"osm_id": "way/447539253", "name": "El Rincon del Sabor", "theme": "services", "subtype": "restaurant", "lat": -33.4229483, "lon": -70.6625642, "distance_m": 1270, "ring": "<=2000 m"}, "geometry": {"type": "Point", "coordinates": [-70.6625642, -33.4229483]}}, {"type": "Feature", "properties": {"osm_id": "node/1352122759", "name": "Omar Khayyam", "theme": "services", "subtype": "restaurant", "lat": -33.425924, "lon": -70.640101, "distance_m": 1279, "ring": "<=2000 m"}, "geometry": {"type": "Point", "coordinates": [-70.640101, -33.425924]}}, {"type": "Feature", "properties": {"osm_id": "way/445113701", "name": "Hong Fa", "theme": "services", "subtype": "restaurant", "lat": -33.4177148, "lon": -70.663992, "distance_m": 1282, "ring": "<=2000 m"}, "geometry": {"type": "Point", "coordinates": [-70.663992, -33.4177148]}}, {"type": "Feature", "properties": {"osm_id": "way/445113704", "name": "Copec", "theme": "services", "subtype": "convenience", "lat": -33.4180464, "lon": -70.6640727, "distance_m": 1289, "ring": "<=2000 m"}, "geometry": {"type": "Point", "coordinates": [-70.6640727, -33.4180464]}}, {"type": "Feature", "properties": {"osm_id": "way/447104221", "name": "Restaurant Palestino", "theme": "services", "subtype": "restaurant", "lat": -33.4255006, "lon": -70.6394751, "distance_m": 1292, "ring": "<=2000 m"}, "geometry": {"type": "Point", "coordinates": [-70.6394751, -33.4255006]}}, {"type": "Feature", "properties": {"osm_id": "way/459591134", "name": "Parking", "theme": "services", "subtype": "parking", "lat": -33.4296959, "lon": -70.6496628, "distance_m": 1293, "ring": "<=2000 m"}, "geometry": {"type": "Point", "coordinates": [-70.6496628, -33.4296959]}}, {"type": "Feature", "properties": {"osm_id": "node/4425346310", "name": "ABC Pizzetas", "theme": "services", "subtype": "restaurant", "lat": -33.4080164, "lon": -70.643131, "distance_m": 1297, "ring": "<=2000 m"}, "geometry": {"type": "Point", "coordinates": [-70.643131, -33.4080164]}}, {"type": "Feature", "properties": {"osm_id": "node/10198577180", "name": "Panadería FUFU", "theme": "services", "subtype": "bakery", "lat": -33.4275183, "lon": -70.6418749, "distance_m": 1302, "ring": "<=2000 m"}, "geometry": {"type": "Point", "coordinates": [-70.6418749, -33.4275183]}}, {"type": "Feature", "properties": {"osm_id": "node/12760666876", "name": "Completo feliz", "theme": "services", "subtype": "fast_food", "lat": -33.4294935, "lon": -70.6469145, "distance_m": 1305, "ring": "<=2000 m"}, "geometry": {"type": "Point", "coordinates": [-70.6469145, -33.4294935]}}, {"type": "Feature", "properties": {"osm_id": "node/4424011470", "name": "Farmacias del Dr. Simi", "theme": "services", "subtype": "pharmacy", "lat": -33.4295117, "lon": -70.6468353, "distance_m": 1309, "ring": "<=2000 m"}, "geometry": {"type": "Point", "coordinates": [-70.6468353, -33.4295117]}}, {"type": "Feature", "properties": {"osm_id": "way/445113283", "name": "Tele Pollo", "theme": "services", "subtype": "restaurant", "lat": -33.4168697, "lon": -70.6642118, "distance_m": 1309, "ring": "<=2000 m"}, "geometry": {"type": "Point", "coordinates": [-70.6642118, -33.4168697]}}, {"type": "Feature", "properties": {"osm_id": "node/4446190496", "name": "Abarrotes Lucas", "theme": "services", "subtype": "convenience", "lat": -33.4279259, "lon": -70.6579711, "distance_m": 1312, "ring": "<=2000 m"}, "geometry": {"type": "Point", "coordinates": [-70.6579711, -33.4279259]}}, {"type": "Feature", "properties": {"osm_id": "node/4425675490", "name": "Pizzeria Los Reyes", "theme": "services", "subtype": "restaurant", "lat": -33.4216454, "lon": -70.6637176, "distance_m": 1317, "ring": "<=2000 m"}, "geometry": {"type": "Point", "coordinates": [-70.6637176, -33.4216454]}}, {"type": "Feature", "properties": {"osm_id": "node/10158426909", "name": "Convenience", "theme": "services", "subtype": "convenience", "lat": -33.4266412, "lon": -70.6403557, "distance_m": 1319, "ring": "<=2000 m"}, "geometry": {"type": "Point", "coordinates": [-70.6403557, -33.4266412]}}, {"type": "Feature", "properties": {"osm_id": "way/445113282", "name": "Farolito", "theme": "services", "subtype": "restaurant", "lat": -33.4164519, "lon": -70.6643486, "distance_m": 1327, "ring": "<=2000 m"}, "geometry": {"type": "Point", "coordinates": [-70.6643486, -33.4164519]}}, {"type": "Feature", "properties": {"osm_id": "way/1114741818", "name": "Parking", "theme": "services", "subtype": "parking", "lat": -33.4259675, "lon": -70.639345, "distance_m": 1335, "ring": "<=2000 m"}, "geometry": {"type": "Point", "coordinates": [-70.639345, -33.4259675]}}, {"type": "Feature", "properties": {"osm_id": "node/5508066321", "name": "Resto-bar KY", "theme": "services", "subtype": "restaurant", "lat": -33.4263067, "lon": -70.6396889, "distance_m": 1336, "ring": "<=2000 m"}, "geometry": {"type": "Point", "coordinates": [-70.6396889, -33.4263067]}}, {"type": "Feature", "properties": {"osm_id": "node/7254437490", "name": "Toilets", "theme": "services", "subtype": "toilets", "lat": -33.4230746, "lon": -70.6370968, "distance_m": 1336, "ring": "<=2000 m"}, "geometry": {"type": "Point", "coordinates": [-70.6370968, -33.4230746]}}, {"type": "Feature", "properties": {"osm_id": "way/1198825933", "name": "Parking", "theme": "services", "subtype": "parking", "lat": -33.4299185, "lon": -70.6477221, "distance_m": 1336, "ring": "<=2000 m"}, "geometry": {"type": "Point", "coordinates": [-70.6477221, -33.4299185]}}, {"type": "Feature", "properties": {"osm_id": "way/459591133", "name": "Parking", "theme": "services", "subtype": "parking", "lat": -33.4301045, "lon": -70.6486992, "distance_m": 1344, "ring": "<=2000 m"}, "geometry": {"type": "Point", "coordinates": [-70.6486992, -33.4301045]}}, {"type": "Feature", "properties": {"osm_id": "node/7208518085", "name": "Donde el Nano", "theme": "services", "subtype": "fast_food", "lat": -33.4302065, "lon": -70.6497908, "distance_m": 1349, "ring": "<=2000 m"}, "geometry": {"type": "Point", "coordinates": [-70.6497908, -33.4302065]}}, {"type": "Feature", "properties": {"osm_id": "node/4442996058", "name": "La Cafetería", "theme": "services", "subtype": "restaurant", "lat": -33.426497, "lon": -70.6397106, "distance_m": 1350, "ring": "<=2000 m"}, "geometry": {"type": "Point", "coordinates": [-70.6397106, -33.426497]}}, {"type": "Feature", "properties": {"osm_id": "node/5013108524", "name": "Convenience", "theme": "services", "subtype": "convenience", "lat": -33.4157119, "lon": -70.6644478, "distance_m": 1350, "ring": "<=2000 m"}, "geometry": {"type": "Point", "coordinates": [-70.6644478, -33.4157119]}}, {"type": "Feature", "properties": {"osm_id": "node/4435026129", "name": "Pa'Pikar", "theme": "services", "subtype": "restaurant", "lat": -33.4093078, "lon": -70.6602611, "distance_m": 1351, "ring": "<=2000 m"}, "geometry": {"type": "Point", "coordinates": [-70.6602611, -33.4093078]}}, {"type": "Feature", "properties": {"osm_id": "way/445113281", "name": "Mei Hua", "theme": "services", "subtype": "restaurant", "lat": -33.415902, "lon": -70.664525, "distance_m": 1353, "ring": "<=2000 m"}, "geometry": {"type": "Point", "coordinates": [-70.664525, -33.415902]}}, {"type": "Feature", "properties": {"osm_id": "node/6325397636", "name": "Vegusta vegan / La casa de queso vegan", "theme": "services", "subtype": "convenience", "lat": -33.4302449, "lon": -70.649476, "distance_m": 1354, "ring": "<=2000 m"}, "geometry": {"type": "Point", "coordinates": [-70.649476, -33.4302449]}}, {"type": "Feature", "properties": {"osm_id": "node/7254437519", "name": "Jardín Ermitaño Bajo", "theme": "services", "subtype": "parking", "lat": -33.4190382, "lon": -70.6356216, "distance_m": 1356, "ring": "<=2000 m"}, "geometry": {"type": "Point", "coordinates": [-70.6356216, -33.4190382]}}, {"type": "Feature", "properties": {"osm_id": "node/4441072794", "name": "El Chinito", "theme": "services", "subtype": "convenience", "lat": -33.4061597, "lon": -70.6535003, "distance_m": 1361, "ring": "<=2000 m"}, "geometry": {"type": "Point", "coordinates": [-70.6535003, -33.4061597]}}, {"type": "Feature", "properties": {"osm_id": "node/4424011483", "name": "Los Arcos de Recoleta", "theme": "services", "subtype": "restaurant", "lat": -33.4300559, "lon": -70.647131, "distance_m": 1362, "ring": "<=2000 m"}, "geometry": {"type": "Point", "coordinates": [-70.647131, -33.4300559]}}, {"type": "Feature", "properties": {"osm_id": "way/933614994", "name": "Toilets", "theme": "services", "subtype": "toilets", "lat": -33.4183113, "lon": -70.6355119, "distance_m": 1362, "ring": "<=2000 m"}, "geometry": {"type": "Point", "coordinates": [-70.6355119, -33.4183113]}}, {"type": "Feature", "properties": {"osm_id": "node/2063098677", "name": "I Ching", "theme": "services", "subtype": "restaurant", "lat": -33.4091885, "lon": -70.6603939, "distance_m": 1369, "ring": "<=2000 m"}, "geometry": {"type": "Point", "coordinates": [-70.6603939, -33.4091885]}}, {"type": "Feature", "properties": {"osm_id": "node/7685409923", "name": "Papa John's", "theme": "services", "subtype": "fast_food", "lat": -33.4091679, "lon": -70.6604637, "distance_m": 1375, "ring": "<=2000 m"}, "geometry": {"type": "Point", "coordinates": [-70.6604637, -33.4091679]}}, {"type": "Feature", "properties": {"osm_id": "way/1197844627", "name": "Parking", "theme": "services", "subtype": "parking", "lat": -33.4300393, "lon": -70.6464395, "distance_m": 1375, "ring": "<=2000 m"}, "geometry": {"type": "Point", "coordinates": [-70.6464395, -33.4300393]}}, {"type": "Feature", "properties": {"osm_id": "node/6120261786", "name": "Maru", "theme": "services", "subtype": "restaurant", "lat": -33.4291989, "lon": -70.6436597, "distance_m": 1377, "ring": "<=2000 m"}, "geometry": {"type": "Point", "coordinates": [-70.6436597, -33.4291989]}}, {"type": "Feature", "properties": {"osm_id": "node/7254437541", "name": "Drinking Water", "theme": "services", "subtype": "drinking_water", "lat": -33.4184561, "lon": -70.6353534, "distance_m": 1377, "ring": "<=2000 m"}, "geometry": {"type": "Point", "coordinates": [-70.6353534, -33.4184561]}}, {"type": "Feature", "properties": {"osm_id": "node/6120261787", "name": "Restaurant Seoul", "theme": "services", "subtype": "restaurant", "lat": -33.4291157, "lon": -70.6433976, "distance_m": 1379, "ring": "<=2000 m"}, "geometry": {"type": "Point", "coordinates": [-70.6433976, -33.4291157]}}, {"type": "Feature", "properties": {"osm_id": "node/4425346325", "name": "Sabores de mi Tierra", "theme": "services", "subtype": "restaurant", "lat": -33.4071706, "lon": -70.6430706, "distance_m": 1381, "ring": "<=2000 m"}, "geometry": {"type": "Point", "coordinates": [-70.6430706, -33.4071706]}}, {"type": "Feature", "properties": {"osm_id": "node/5013108322", "name": "Trendy", "theme": "services", "subtype": "convenience", "lat": -33.4123295, "lon": -70.6633891, "distance_m": 1382, "ring": "<=2000 m"}, "geometry": {"type": "Point", "coordinates": [-70.6633891, -33.4123295]}}, {"type": "Feature", "properties": {"osm_id": "node/11114698057", "name": "Atm", "theme": "services", "subtype": "atm", "lat": -33.4297827, "lon": -70.6450071, "distance_m": 1387, "ring": "<=2000 m"}, "geometry": {"type": "Point", "coordinates": [-70.6450071, -33.4297827]}}, {"type": "Feature", "properties": {"osm_id": "node/4645854489", "name": "Abu el Reem", "theme": "services", "subtype": "restaurant", "lat": -33.4299162, "lon": -70.645247, "distance_m": 1394, "ring": "<=2000 m"}, "geometry": {"type": "Point", "coordinates": [-70.645247, -33.4299162]}}, {"type": "Feature", "properties": {"osm_id": "way/1114741802", "name": "Toilets", "theme": "services", "subtype": "toilets", "lat": -33.4266023, "lon": -70.6391661, "distance_m": 1394, "ring": "<=2000 m"}, "geometry": {"type": "Point", "coordinates": [-70.6391661, -33.4266023]}}, {"type": "Feature", "properties": {"osm_id": "way/1197573192", "name": "Parking", "theme": "services", "subtype": "parking", "lat": -33.4302941, "lon": -70.6462645, "distance_m": 1406, "ring": "<=2000 m"}, "geometry": {"type": "Point", "coordinates": [-70.6462645, -33.4302941]}}, {"type": "Feature", "properties": {"osm_id": "node/4425655213", "name": "Abarrotes El Oasis", "theme": "services", "subtype": "convenience", "lat": -33.4147225, "lon": -70.664807, "distance_m": 1407, "ring": "<=2000 m"}, "geometry": {"type": "Point", "coordinates": [-70.664807, -33.4147225]}}, {"type": "Feature", "properties": {"osm_id": "node/11395140769", "name": "Pehuén", "theme": "services", "subtype": "fast_food", "lat": -33.4278536, "lon": -70.6600317, "distance_m": 1420, "ring": "<=2000 m"}, "geometry": {"type": "Point", "coordinates": [-70.6600317, -33.4278536]}}, {"type": "Feature", "properties": {"osm_id": "node/12236404955", "name": "Repostería Duce", "theme": "services", "subtype": "convenience", "lat": -33.4308152, "lon": -70.6486697, "distance_m": 1423, "ring": "<=2000 m"}, "geometry": {"type": "Point", "coordinates": [-70.6486697, -33.4308152]}}, {"type": "Feature", "properties": {"osm_id": "way/915521934", "name": "Parking", "theme": "services", "subtype": "parking", "lat": -33.4307661, "lon": -70.6523898, "distance_m": 1425, "ring": "<=2000 m"}, "geometry": {"type": "Point", "coordinates": [-70.6523898, -33.4307661]}}, {"type": "Feature", "properties": {"osm_id": "node/4434851480", "name": "Fu Nua", "theme": "services", "subtype": "restaurant", "lat": -33.4083078, "lon": -70.6601409, "distance_m": 1426, "ring": "<=2000 m"}, "geometry": {"type": "Point", "coordinates": [-70.6601409, -33.4083078]}}, {"type": "Feature", "properties": {"osm_id": "node/867952171", "name": "SalcoBrand", "theme": "services", "subtype": "pharmacy", "lat": -33.4307199, "lon": -70.6473597, "distance_m": 1430, "ring": "<=2000 m"}, "geometry": {"type": "Point", "coordinates": [-70.6473597, -33.4307199]}}, {"type": "Feature", "properties": {"osm_id": "node/4444774363", "name": "Almuerzos", "theme": "services", "subtype": "fast_food", "lat": -33.4299264, "lon": -70.6440272, "distance_m": 1436, "ring": "<=2000 m"}, "geometry": {"type": "Point", "coordinates": [-70.6440272, -33.4299264]}}, {"type": "Feature", "properties": {"osm_id": "node/4424311095", "name": "Mini Market Las Orquídeas", "theme": "services", "subtype": "convenience", "lat": -33.4128253, "lon": -70.6360227, "distance_m": 1439, "ring": "<=2000 m"}, "geometry": {"type": "Point", "coordinates": [-70.6360227, -33.4128253]}}, {"type": "Feature", "properties": {"osm_id": "way/1229964125", "name": "Parking", "theme": "services", "subtype": "parking", "lat": -33.4300506, "lon": -70.6561804, "distance_m": 1443, "ring": "<=2000 m"}, "geometry": {"type": "Point", "coordinates": [-70.6561804, -33.4300506]}}, {"type": "Feature", "properties": {"osm_id": "node/3569438826", "name": "Parking", "theme": "services", "subtype": "parking", "lat": -33.4300492, "lon": -70.6562708, "distance_m": 1446, "ring": "<=2000 m"}, "geometry": {"type": "Point", "coordinates": [-70.6562708, -33.4300492]}}, {"type": "Feature", "properties": {"osm_id": "node/6120261785", "name": "ManNa", "theme": "services", "subtype": "restaurant", "lat": -33.4296668, "lon": -70.6430441, "distance_m": 1449, "ring": "<=2000 m"}, "geometry": {"type": "Point", "coordinates": [-70.6430441, -33.4296668]}}, {"type": "Feature", "properties": {"osm_id": "way/459591132", "name": "Parking", "theme": "services", "subtype": "parking", "lat": -33.4311189, "lon": -70.6490572, "distance_m": 1454, "ring": "<=2000 m"}, "geometry": {"type": "Point", "coordinates": [-70.6490572, -33.4311189]}}, {"type": "Feature", "properties": {"osm_id": "node/4455721613", "name": "Farmacia Marsil 1", "theme": "services", "subtype": "pharmacy", "lat": -33.4311268, "lon": -70.6513773, "distance_m": 1455, "ring": "<=2000 m"}, "geometry": {"type": "Point", "coordinates": [-70.6513773, -33.4311268]}}, {"type": "Feature", "properties": {"osm_id": "way/1229964124", "name": "Parking", "theme": "services", "subtype": "parking", "lat": -33.4303237, "lon": -70.6557258, "distance_m": 1455, "ring": "<=2000 m"}, "geometry": {"type": "Point", "coordinates": [-70.6557258, -33.4303237]}}, {"type": "Feature", "properties": {"osm_id": "node/5821523853", "name": "Bar Loreto", "theme": "services", "subtype": "bar", "lat": -33.4285772, "lon": -70.6407868, "distance_m": 1457, "ring": "<=2000 m"}, "geometry": {"type": "Point", "coordinates": [-70.6407868, -33.4285772]}}, {"type": "Feature", "properties": {"osm_id": "node/7208403485", "name": "La Picá del Licho", "theme": "services", "subtype": "fast_food", "lat": -33.4311952, "lon": -70.6499453, "distance_m": 1459, "ring": "<=2000 m"}, "geometry": {"type": "Point", "coordinates": [-70.6499453, -33.4311952]}}, {"type": "Feature", "properties": {"osm_id": "way/445103639", "name": "Panaderia", "theme": "services", "subtype": "bakery", "lat": -33.4221031, "lon": -70.6651457, "distance_m": 1459, "ring": "<=2000 m"}, "geometry": {"type": "Point", "coordinates": [-70.6651457, -33.4221031]}}, {"type": "Feature", "properties": {"osm_id": "node/4424022510", "name": "Jack Dog", "theme": "services", "subtype": "restaurant", "lat": -33.4310207, "lon": -70.6474193, "distance_m": 1462, "ring": "<=2000 m"}, "geometry": {"type": "Point", "coordinates": [-70.6474193, -33.4310207]}}, {"type": "Feature", "properties": {"osm_id": "node/7474097542", "name": "Misoya - Restaurant coreano y pastelería tradicional", "theme": "services", "subtype": "restaurant", "lat": -33.43016, "lon": -70.6437037, "distance_m": 1472, "ring": "<=2000 m"}, "geometry": {"type": "Point", "coordinates": [-70.6437037, -33.43016]}}, {"type": "Feature", "properties": {"osm_id": "way/447779499", "name": "Farmacia Minay", "theme": "services", "subtype": "pharmacy", "lat": -33.4313119, "lon": -70.6504657, "distance_m": 1472, "ring": "<=2000 m"}, "geometry": {"type": "Point", "coordinates": [-70.6504657, -33.4313119]}}, {"type": "Feature", "properties": {"osm_id": "node/5054809522", "name": "Aguas Andinas", "theme": "services", "subtype": "drinking_water", "lat": -33.4260602, "lon": -70.6374764, "distance_m": 1476, "ring": "<=2000 m"}, "geometry": {"type": "Point", "coordinates": [-70.6374764, -33.4260602]}}, {"type": "Feature", "properties": {"osm_id": "node/4433160989", "name": "Comercial Bastida Ltda.", "theme": "services", "subtype": "bakery", "lat": -33.4049655, "lon": -70.6527322, "distance_m": 1477, "ring": "<=2000 m"}, "geometry": {"type": "Point", "coordinates": [-70.6527322, -33.4049655]}}, {"type": "Feature", "properties": {"osm_id": "node/4425549508", "name": "El Ancla", "theme": "services", "subtype": "restaurant", "lat": -33.4221204, "lon": -70.66536, "distance_m": 1478, "ring": "<=2000 m"}, "geometry": {"type": "Point", "coordinates": [-70.66536, -33.4221204]}}, {"type": "Feature", "properties": {"osm_id": "way/777396172", "name": "Toilets", "theme": "services", "subtype": "toilets", "lat": -33.4200199, "lon": -70.6344371, "distance_m": 1478, "ring": "<=2000 m"}, "geometry": {"type": "Point", "coordinates": [-70.6344371, -33.4200199]}}, {"type": "Feature", "properties": {"osm_id": "node/4425355623", "name": "Nueva Amer", "theme": "services", "subtype": "bakery", "lat": -33.4061658, "lon": -70.6430586, "distance_m": 1481, "ring": "<=2000 m"}, "geometry": {"type": "Point", "coordinates": [-70.6430586, -33.4061658]}}, {"type": "Feature", "properties": {"osm_id": "node/4441051219", "name": "Tokyo Sushi", "theme": "services", "subtype": "restaurant", "lat": -33.4058407, "lon": -70.6435648, "distance_m": 1493, "ring": "<=2000 m"}, "geometry": {"type": "Point", "coordinates": [-70.6435648, -33.4058407]}}, {"type": "Feature", "properties": {"osm_id": "node/3569438804", "name": "Parking", "theme": "services", "subtype": "parking", "lat": -33.4305686, "lon": -70.6561288, "distance_m": 1494, "ring": "<=2000 m"}, "geometry": {"type": "Point", "coordinates": [-70.6561288, -33.4305686]}}, {"type": "Feature", "properties": {"osm_id": "way/446134772", "name": "Empanadas la Herradura", "theme": "services", "subtype": "restaurant", "lat": -33.4109703, "lon": -70.6638407, "distance_m": 1494, "ring": "<=2000 m"}, "geometry": {"type": "Point", "coordinates": [-70.6638407, -33.4109703]}}, {"type": "Feature", "properties": {"osm_id": "node/4425244491", "name": "Mini Market Mautino's Pan", "theme": "services", "subtype": "convenience", "lat": -33.4058985, "lon": -70.6433115, "distance_m": 1497, "ring": "<=2000 m"}, "geometry": {"type": "Point", "coordinates": [-70.6433115, -33.4058985]}}, {"type": "Feature", "properties": {"osm_id": "way/173380186", "name": "Pérgola San Francisco", "theme": "services", "subtype": "florist", "lat": -33.4315002, "lon": -70.6519577, "distance_m": 1501, "ring": "<=2000 m"}, "geometry": {"type": "Point", "coordinates": [-70.6519577, -33.4315002]}}, {"type": "Feature", "properties": {"osm_id": "way/1197844555", "name": "Parking", "theme": "services", "subtype": "parking", "lat": -33.4310547, "lon": -70.645668, "distance_m": 1502, "ring": "<=2000 m"}, "geometry": {"type": "Point", "coordinates": [-70.645668, -33.4310547]}}, {"type": "Feature", "properties": {"osm_id": "node/1587118270", "name": "Vietnam Discovery", "theme": "services", "subtype": "restaurant", "lat": -33.4298089, "lon": -70.6420618, "distance_m": 1506, "ring": "<=2000 m"}, "geometry": {"type": "Point", "coordinates": [-70.6420618, -33.4298089]}}, {"type": "Feature", "properties": {"osm_id": "node/4444774352", "name": "Beit Yala", "theme": "services", "subtype": "cafe", "lat": -33.4300798, "lon": -70.6426494, "distance_m": 1507, "ring": "<=2000 m"}, "geometry": {"type": "Point", "coordinates": [-70.6426494, -33.4300798]}}, {"type": "Feature", "properties": {"osm_id": "way/1229964123", "name": "Parking", "theme": "services", "subtype": "parking", "lat": -33.4306393, "lon": -70.656277, "distance_m": 1507, "ring": "<=2000 m"}, "geometry": {"type": "Point", "coordinates": [-70.656277, -33.4306393]}}, {"type": "Feature", "properties": {"osm_id": "way/173380185", "name": "Pérgola Santa María", "theme": "services", "subtype": "florist", "lat": -33.4316107, "lon": -70.651353, "distance_m": 1508, "ring": "<=2000 m"}, "geometry": {"type": "Point", "coordinates": [-70.651353, -33.4316107]}}, {"type": "Feature", "properties": {"osm_id": "node/13289126218", "name": "Möbssie", "theme": "services", "subtype": "cafe", "lat": -33.4302606, "lon": -70.6429829, "distance_m": 1510, "ring": "<=2000 m"}, "geometry": {"type": "Point", "coordinates": [-70.6429829, -33.4302606]}}, {"type": "Feature", "properties": {"osm_id": "node/12377401696", "name": "Atm", "theme": "services", "subtype": "atm", "lat": -33.4056791, "lon": -70.6434045, "distance_m": 1516, "ring": "<=2000 m"}, "geometry": {"type": "Point", "coordinates": [-70.6434045, -33.4056791]}}, {"type": "Feature", "properties": {"osm_id": "way/448563930", "name": "Punto", "theme": "services", "subtype": "convenience", "lat": -33.4293754, "lon": -70.6593339, "distance_m": 1516, "ring": "<=2000 m"}, "geometry": {"type": "Point", "coordinates": [-70.6593339, -33.4293754]}}, {"type": "Feature", "properties": {"osm_id": "way/467339106", "name": "Parking", "theme": "services", "subtype": "parking", "lat": -33.4297899, "lon": -70.6418038, "distance_m": 1517, "ring": "<=2000 m"}, "geometry": {"type": "Point", "coordinates": [-70.6418038, -33.4297899]}}, {"type": "Feature", "properties": {"osm_id": "way/1229964129", "name": "Parking", "theme": "services", "subtype": "parking", "lat": -33.4297031, "lon": -70.6587538, "distance_m": 1517, "ring": "<=2000 m"}, "geometry": {"type": "Point", "coordinates": [-70.6587538, -33.4297031]}}, {"type": "Feature", "properties": {"osm_id": "way/445080693", "name": "Cruz Verde", "theme": "services", "subtype": "pharmacy", "lat": -33.4058129, "lon": -70.6430164, "distance_m": 1518, "ring": "<=2000 m"}, "geometry": {"type": "Point", "coordinates": [-70.6430164, -33.4058129]}}, {"type": "Feature", "properties": {"osm_id": "node/4434595822", "name": "Provisiones Fenix", "theme": "services", "subtype": "convenience", "lat": -33.4092886, "lon": -70.6627348, "distance_m": 1521, "ring": "<=2000 m"}, "geometry": {"type": "Point", "coordinates": [-70.6627348, -33.4092886]}}, {"type": "Feature", "properties": {"osm_id": "node/4981497881", "name": "Mifantasy", "theme": "services", "subtype": "gift", "lat": -33.4309044, "lon": -70.6444174, "distance_m": 1523, "ring": "<=2000 m"}, "geometry": {"type": "Point", "coordinates": [-70.6444174, -33.4309044]}}, {"type": "Feature", "properties": {"osm_id": "node/4425252514", "name": "Farmacias Ahumada", "theme": "services", "subtype": "pharmacy", "lat": -33.4055827, "lon": -70.6434273, "distance_m": 1525, "ring": "<=2000 m"}, "geometry": {"type": "Point", "coordinates": [-70.6434273, -33.4055827]}}, {"type": "Feature", "properties": {"osm_id": "node/4424173041", "name": "Los Reyes del Pan", "theme": "services", "subtype": "bakery", "lat": -33.4317302, "lon": -70.6482705, "distance_m": 1528, "ring": "<=2000 m"}, "geometry": {"type": "Point", "coordinates": [-70.6482705, -33.4317302]}}, {"type": "Feature", "properties": {"osm_id": "way/446134777", "name": "Tekom", "theme": "services", "subtype": "convenience", "lat": -33.409241, "lon": -70.6628023, "distance_m": 1529, "ring": "<=2000 m"}, "geometry": {"type": "Point", "coordinates": [-70.6628023, -33.409241]}}, {"type": "Feature", "properties": {"osm_id": "node/5280739921", "name": "Drinking Water", "theme": "services", "subtype": "drinking_water", "lat": -33.4272995, "lon": -70.6379303, "distance_m": 1531, "ring": "<=2000 m"}, "geometry": {"type": "Point", "coordinates": [-70.6379303, -33.4272995]}}, {"type": "Feature", "properties": {"osm_id": "way/539284568", "name": "Rico Saigon", "theme": "services", "subtype": "restaurant", "lat": -33.4300922, "lon": -70.6420813, "distance_m": 1533, "ring": "<=2000 m"}, "geometry": {"type": "Point", "coordinates": [-70.6420813, -33.4300922]}}, {"type": "Feature", "properties": {"osm_id": "way/305166428", "name": "Parking", "theme": "services", "subtype": "parking", "lat": -33.4318721, "lon": -70.650068, "distance_m": 1534, "ring": "<=2000 m"}, "geometry": {"type": "Point", "coordinates": [-70.650068, -33.4318721]}}, {"type": "Feature", "properties": {"osm_id": "way/445100645", "name": "Kun Yeng", "theme": "services", "subtype": "restaurant", "lat": -33.4124076, "lon": -70.6652532, "distance_m": 1534, "ring": "<=2000 m"}, "geometry": {"type": "Point", "coordinates": [-70.6652532, -33.4124076]}}, {"type": "Feature", "properties": {"osm_id": "way/445080695", "name": "Farmacias del Dr. Simi", "theme": "services", "subtype": "pharmacy", "lat": -33.4055491, "lon": -70.642978, "distance_m": 1546, "ring": "<=2000 m"}, "geometry": {"type": "Point", "coordinates": [-70.642978, -33.4055491]}}, {"type": "Feature", "properties": {"osm_id": "way/446179480", "name": "Nueva China", "theme": "services", "subtype": "restaurant", "lat": -33.4075424, "lon": -70.6611128, "distance_m": 1550, "ring": "<=2000 m"}, "geometry": {"type": "Point", "coordinates": [-70.6611128, -33.4075424]}}, {"type": "Feature", "properties": {"osm_id": "node/4425355643", "name": "Pollos Re.", "theme": "services", "subtype": "restaurant", "lat": -33.4054571, "lon": -70.6430251, "distance_m": 1553, "ring": "<=2000 m"}, "geometry": {"type": "Point", "coordinates": [-70.6430251, -33.4054571]}}, {"type": "Feature", "properties": {"osm_id": "node/4441484138", "name": "La Botica Cubana", "theme": "services", "subtype": "pharmacy", "lat": -33.4317938, "lon": -70.6468259, "distance_m": 1556, "ring": "<=2000 m"}, "geometry": {"type": "Point", "coordinates": [-70.6468259, -33.4317938]}}, {"type": "Feature", "properties": {"osm_id": "way/1233075310", "name": "Parking", "theme": "services", "subtype": "parking", "lat": -33.4304422, "lon": -70.6422912, "distance_m": 1558, "ring": "<=2000 m"}, "geometry": {"type": "Point", "coordinates": [-70.6422912, -33.4304422]}}, {"type": "Feature", "properties": {"osm_id": "node/4981497882", "name": "Hansoban", "theme": "services", "subtype": "restaurant", "lat": -33.4309833, "lon": -70.6435778, "distance_m": 1560, "ring": "<=2000 m"}, "geometry": {"type": "Point", "coordinates": [-70.6435778, -33.4309833]}}, {"type": "Feature", "properties": {"osm_id": "node/4425355646", "name": "Farmacias Latinoamericana", "theme": "services", "subtype": "pharmacy", "lat": -33.4053743, "lon": -70.6430237, "distance_m": 1561, "ring": "<=2000 m"}, "geometry": {"type": "Point", "coordinates": [-70.6430237, -33.4053743]}}, {"type": "Feature", "properties": {"osm_id": "node/2592748474", "name": "Banco Estado", "theme": "services", "subtype": "atm", "lat": -33.4320096, "lon": -70.6475404, "distance_m": 1568, "ring": "<=2000 m"}, "geometry": {"type": "Point", "coordinates": [-70.6475404, -33.4320096]}}, {"type": "Feature", "properties": {"osm_id": "node/4981497883", "name": "De Park", "theme": "services", "subtype": "convenience", "lat": -33.4310784, "lon": -70.6435698, "distance_m": 1570, "ring": "<=2000 m"}, "geometry": {"type": "Point", "coordinates": [-70.6435698, -33.4310784]}}, {"type": "Feature", "properties": {"osm_id": "node/12844429929", "name": "Blend Byemmatiti", "theme": "services", "subtype": "cafe", "lat": -33.4303252, "lon": -70.6417368, "distance_m": 1571, "ring": "<=2000 m"}, "geometry": {"type": "Point", "coordinates": [-70.6417368, -33.4303252]}}, {"type": "Feature", "properties": {"osm_id": "node/4438374025", "name": "El Trigal", "theme": "services", "subtype": "bakery", "lat": -33.4072212, "lon": -70.6611581, "distance_m": 1580, "ring": "<=2000 m"}, "geometry": {"type": "Point", "coordinates": [-70.6611581, -33.4072212]}}, {"type": "Feature", "properties": {"osm_id": "node/4981497885", "name": "Peter Pan", "theme": "services", "subtype": "cafe", "lat": -33.4315303, "lon": -70.6443765, "distance_m": 1590, "ring": "<=2000 m"}, "geometry": {"type": "Point", "coordinates": [-70.6443765, -33.4315303]}}, {"type": "Feature", "properties": {"osm_id": "node/11866510971", "name": "Taiyakis Chile", "theme": "services", "subtype": "ice_cream", "lat": -33.4319755, "lon": -70.6460895, "distance_m": 1591, "ring": "<=2000 m"}, "geometry": {"type": "Point", "coordinates": [-70.6460895, -33.4319755]}}, {"type": "Feature", "properties": {"osm_id": "node/4382813693", "name": "del carajo", "theme": "services", "subtype": "restaurant", "lat": -33.4071522, "lon": -70.6614326, "distance_m": 1602, "ring": "<=2000 m"}, "geometry": {"type": "Point", "coordinates": [-70.6614326, -33.4071522]}}, {"type": "Feature", "properties": {"osm_id": "node/4425645498", "name": "Telepollo", "theme": "services", "subtype": "restaurant", "lat": -33.4119391, "lon": -70.6658177, "distance_m": 1603, "ring": "<=2000 m"}, "geometry": {"type": "Point", "coordinates": [-70.6658177, -33.4119391]}}, {"type": "Feature", "properties": {"osm_id": "way/1233427260", "name": "Parking", "theme": "services", "subtype": "parking", "lat": -33.4300676, "lon": -70.6405749, "distance_m": 1604, "ring": "<=2000 m"}, "geometry": {"type": "Point", "coordinates": [-70.6405749, -33.4300676]}}, {"type": "Feature", "properties": {"osm_id": "node/4785148324", "name": "Café La Ciudadana", "theme": "services", "subtype": "cafe", "lat": -33.4308888, "lon": -70.642175, "distance_m": 1607, "ring": "<=2000 m"}, "geometry": {"type": "Point", "coordinates": [-70.642175, -33.4308888]}}, {"type": "Feature", "properties": {"osm_id": "node/4981497884", "name": "Había Una Vez", "theme": "services", "subtype": "cafe", "lat": -33.431561, "lon": -70.6439126, "distance_m": 1608, "ring": "<=2000 m"}, "geometry": {"type": "Point", "coordinates": [-70.6439126, -33.431561]}}, {"type": "Feature", "properties": {"osm_id": "node/4424311090", "name": "Alexandra", "theme": "services", "subtype": "bakery", "lat": -33.4120057, "lon": -70.6344299, "distance_m": 1611, "ring": "<=2000 m"}, "geometry": {"type": "Point", "coordinates": [-70.6344299, -33.4120057]}}, {"type": "Feature", "properties": {"osm_id": "node/4438374030", "name": "Pizza Brosa", "theme": "services", "subtype": "fast_food", "lat": -33.4071707, "lon": -70.6616796, "distance_m": 1615, "ring": "<=2000 m"}, "geometry": {"type": "Point", "coordinates": [-70.6616796, -33.4071707]}}, {"type": "Feature", "properties": {"osm_id": "way/447306764", "name": "Hanuri", "theme": "services", "subtype": "restaurant", "lat": -33.4304952, "lon": -70.6408344, "distance_m": 1631, "ring": "<=2000 m"}, "geometry": {"type": "Point", "coordinates": [-70.6408344, -33.4304952]}}, {"type": "Feature", "properties": {"osm_id": "way/259811354", "name": "Estacionamiento Parque de los Reyes", "theme": "services", "subtype": "parking", "lat": -33.4314164, "lon": -70.6575639, "distance_m": 1633, "ring": "<=2000 m"}, "geometry": {"type": "Point", "coordinates": [-70.6575639, -33.4314164]}}, {"type": "Feature", "properties": {"osm_id": "way/1197844554", "name": "Parking", "theme": "services", "subtype": "parking", "lat": -33.43239, "lon": -70.6462103, "distance_m": 1633, "ring": "<=2000 m"}, "geometry": {"type": "Point", "coordinates": [-70.6462103, -33.43239]}}, {"type": "Feature", "properties": {"osm_id": "node/4446460787", "name": "Amasandería Mavi", "theme": "services", "subtype": "bakery", "lat": -33.4248017, "lon": -70.6658616, "distance_m": 1636, "ring": "<=2000 m"}, "geometry": {"type": "Point", "coordinates": [-70.6658616, -33.4248017]}}, {"type": "Feature", "properties": {"osm_id": "node/11820468687", "name": "Taiyakis Chile", "theme": "services", "subtype": "ice_cream", "lat": -33.4324688, "lon": -70.6463592, "distance_m": 1639, "ring": "<=2000 m"}, "geometry": {"type": "Point", "coordinates": [-70.6463592, -33.4324688]}}, {"type": "Feature", "properties": {"osm_id": "way/949077590", "name": "Parking", "theme": "services", "subtype": "parking", "lat": -33.4289102, "lon": -70.6381212, "distance_m": 1644, "ring": "<=2000 m"}, "geometry": {"type": "Point", "coordinates": [-70.6381212, -33.4289102]}}, {"type": "Feature", "properties": {"osm_id": "node/4441072813", "name": "Rico Rico", "theme": "services", "subtype": "restaurant", "lat": -33.4058776, "lon": -70.6604263, "distance_m": 1657, "ring": "<=2000 m"}, "geometry": {"type": "Point", "coordinates": [-70.6604263, -33.4058776]}}, {"type": "Feature", "properties": {"osm_id": "node/5280777321", "name": "Drinking Water", "theme": "services", "subtype": "drinking_water", "lat": -33.4237791, "lon": -70.6336893, "distance_m": 1657, "ring": "<=2000 m"}, "geometry": {"type": "Point", "coordinates": [-70.6336893, -33.4237791]}}, {"type": "Feature", "properties": {"osm_id": "way/444830723", "name": "The Luigi Restaurante", "theme": "services", "subtype": "restaurant", "lat": -33.4314673, "lon": -70.6423469, "distance_m": 1657, "ring": "<=2000 m"}, "geometry": {"type": "Point", "coordinates": [-70.6423469, -33.4314673]}}, {"type": "Feature", "properties": {"osm_id": "node/4443006492", "name": "La Chicha Loca", "theme": "services", "subtype": "convenience", "lat": -33.4078428, "lon": -70.6372027, "distance_m": 1658, "ring": "<=2000 m"}, "geometry": {"type": "Point", "coordinates": [-70.6372027, -33.4078428]}}, {"type": "Feature", "properties": {"osm_id": "way/448566917", "name": "On D Nacho", "theme": "services", "subtype": "restaurant", "lat": -33.432522, "lon": -70.6455151, "distance_m": 1663, "ring": "<=2000 m"}, "geometry": {"type": "Point", "coordinates": [-70.6455151, -33.432522]}}, {"type": "Feature", "properties": {"osm_id": "node/4827477621", "name": "Pollo Historia", "theme": "services", "subtype": "restaurant", "lat": -33.4317042, "lon": -70.6427269, "distance_m": 1666, "ring": "<=2000 m"}, "geometry": {"type": "Point", "coordinates": [-70.6427269, -33.4317042]}}, {"type": "Feature", "properties": {"osm_id": "node/4424299284", "name": "El Salto", "theme": "services", "subtype": "bakery", "lat": -33.409353, "lon": -70.6355725, "distance_m": 1668, "ring": "<=2000 m"}, "geometry": {"type": "Point", "coordinates": [-70.6355725, -33.409353]}}, {"type": "Feature", "properties": {"osm_id": "node/4441072818", "name": "Farmacia Santa Laura", "theme": "services", "subtype": "pharmacy", "lat": -33.4059215, "lon": -70.6607203, "distance_m": 1668, "ring": "<=2000 m"}, "geometry": {"type": "Point", "coordinates": [-70.6607203, -33.4059215]}}, {"type": "Feature", "properties": {"osm_id": "node/4205258217", "name": "Sukine", "theme": "services", "subtype": "restaurant", "lat": -33.431798, "lon": -70.6428801, "distance_m": 1669, "ring": "<=2000 m"}, "geometry": {"type": "Point", "coordinates": [-70.6428801, -33.431798]}}, {"type": "Feature", "properties": {"osm_id": "node/2501271727", "name": "Thelonious Lugar de Jazz", "theme": "services", "subtype": "pub", "lat": -33.4299942, "lon": -70.6391694, "distance_m": 1673, "ring": "<=2000 m"}, "geometry": {"type": "Point", "coordinates": [-70.6391694, -33.4299942]}}, {"type": "Feature", "properties": {"osm_id": "way/1150971462", "name": "Parking", "theme": "services", "subtype": "parking", "lat": -33.4328063, "lon": -70.6542927, "distance_m": 1681, "ring": "<=2000 m"}, "geometry": {"type": "Point", "coordinates": [-70.6542927, -33.4328063]}}, {"type": "Feature", "properties": {"osm_id": "node/11445155760", "name": "El Bajón de Bellavista", "theme": "services", "subtype": "restaurant", "lat": -33.4304571, "lon": -70.6397537, "distance_m": 1683, "ring": "<=2000 m"}, "geometry": {"type": "Point", "coordinates": [-70.6397537, -33.4304571]}}, {"type": "Feature", "properties": {"osm_id": "node/4422920318", "name": "Daon", "theme": "services", "subtype": "restaurant", "lat": -33.4316486, "lon": -70.6420416, "distance_m": 1688, "ring": "<=2000 m"}, "geometry": {"type": "Point", "coordinates": [-70.6420416, -33.4316486]}}, {"type": "Feature", "properties": {"osm_id": "node/12236445633", "name": "Parking", "theme": "services", "subtype": "parking", "lat": -33.4030137, "lon": -70.6478435, "distance_m": 1689, "ring": "<=2000 m"}, "geometry": {"type": "Point", "coordinates": [-70.6478435, -33.4030137]}}, {"type": "Feature", "properties": {"osm_id": "node/5013108522", "name": "Fast Food", "theme": "services", "subtype": "fast_food", "lat": -33.4188202, "lon": -70.6683715, "distance_m": 1690, "ring": "<=2000 m"}, "geometry": {"type": "Point", "coordinates": [-70.6683715, -33.4188202]}}, {"type": "Feature", "properties": {"osm_id": "way/572849905", "name": "El Clan", "theme": "services", "subtype": "bar", "lat": -33.4297294, "lon": -70.6384174, "distance_m": 1694, "ring": "<=2000 m"}, "geometry": {"type": "Point", "coordinates": [-70.6384174, -33.4297294]}}, {"type": "Feature", "properties": {"osm_id": "node/12377401700", "name": "Castaño", "theme": "services", "subtype": "bakery", "lat": -33.4332613, "lon": -70.6520436, "distance_m": 1697, "ring": "<=2000 m"}, "geometry": {"type": "Point", "coordinates": [-70.6520436, -33.4332613]}}, {"type": "Feature", "properties": {"osm_id": "way/226996789", "name": "Loreto Hotel", "theme": "services", "subtype": "hotel", "lat": -33.4319759, "lon": -70.642597, "distance_m": 1698, "ring": "<=2000 m"}, "geometry": {"type": "Point", "coordinates": [-70.642597, -33.4319759]}}, {"type": "Feature", "properties": {"osm_id": "node/5013108523", "name": "Convenience", "theme": "services", "subtype": "convenience", "lat": -33.4189487, "lon": -70.6684697, "distance_m": 1700, "ring": "<=2000 m"}, "geometry": {"type": "Point", "coordinates": [-70.6684697, -33.4189487]}}, {"type": "Feature", "properties": {"osm_id": "way/1197779698", "name": "Parking", "theme": "services", "subtype": "parking", "lat": -33.4322788, "lon": -70.6433583, "distance_m": 1701, "ring": "<=2000 m"}, "geometry": {"type": "Point", "coordinates": [-70.6433583, -33.4322788]}}, {"type": "Feature", "properties": {"osm_id": "node/4808517621", "name": "Bellas Artes Hostel", "theme": "services", "subtype": "guest_house", "lat": -33.431817, "lon": -70.6420164, "distance_m": 1705, "ring": "<=2000 m"}, "geometry": {"type": "Point", "coordinates": [-70.6420164, -33.431817]}}, {"type": "Feature", "properties": {"osm_id": "node/4524162289", "name": "Galeon", "theme": "services", "subtype": "restaurant", "lat": -33.4334038, "lon": -70.6514657, "distance_m": 1708, "ring": "<=2000 m"}, "geometry": {"type": "Point", "coordinates": [-70.6514657, -33.4334038]}}, {"type": "Feature", "properties": {"osm_id": "way/485740762", "name": "Bellas Artes Hostel", "theme": "services", "subtype": "hotel", "lat": -33.4318835, "lon": -70.6421026, "distance_m": 1708, "ring": "<=2000 m"}, "geometry": {"type": "Point", "coordinates": [-70.6421026, -33.4318835]}}, {"type": "Feature", "properties": {"osm_id": "node/4714240990", "name": "Bar La Juguera", "theme": "services", "subtype": "bar", "lat": -33.4304471, "lon": -70.6392331, "distance_m": 1710, "ring": "<=2000 m"}, "geometry": {"type": "Point", "coordinates": [-70.6392331, -33.4304471]}}, {"type": "Feature", "properties": {"osm_id": "node/4827787721", "name": "San Camilo - Panadería, Pastelería", "theme": "services", "subtype": "bakery", "lat": -33.433264, "lon": -70.6533622, "distance_m": 1714, "ring": "<=2000 m"}, "geometry": {"type": "Point", "coordinates": [-70.6533622, -33.433264]}}, {"type": "Feature", "properties": {"osm_id": "node/4434527484", "name": "Almacén Imagen", "theme": "services", "subtype": "convenience", "lat": -33.4098453, "lon": -70.6658306, "distance_m": 1717, "ring": "<=2000 m"}, "geometry": {"type": "Point", "coordinates": [-70.6658306, -33.4098453]}}, {"type": "Feature", "properties": {"osm_id": "node/4422892745", "name": "Akitu", "theme": "services", "subtype": "bar", "lat": -33.432097, "lon": -70.6424091, "distance_m": 1718, "ring": "<=2000 m"}, "geometry": {"type": "Point", "coordinates": [-70.6424091, -33.432097]}}, {"type": "Feature", "properties": {"osm_id": "node/4442977107", "name": "Salamón", "theme": "services", "subtype": "bakery", "lat": -33.4114857, "lon": -70.6334413, "distance_m": 1718, "ring": "<=2000 m"}, "geometry": {"type": "Point", "coordinates": [-70.6334413, -33.4114857]}}, {"type": "Feature", "properties": {"osm_id": "node/13568516923", "name": "Inti Mapu", "theme": "services", "subtype": "cafe", "lat": -33.4330291, "lon": -70.6550568, "distance_m": 1723, "ring": "<=2000 m"}, "geometry": {"type": "Point", "coordinates": [-70.6550568, -33.4330291]}}, {"type": "Feature", "properties": {"osm_id": "node/1259065986", "name": "Cruz Verde", "theme": "services", "subtype": "pharmacy", "lat": -33.4335165, "lon": -70.6519712, "distance_m": 1724, "ring": "<=2000 m"}, "geometry": {"type": "Point", "coordinates": [-70.6519712, -33.4335165]}}, {"type": "Feature", "properties": {"osm_id": "node/4422892744", "name": "Le Petit Bar", "theme": "services", "subtype": "restaurant", "lat": -33.4321731, "lon": -70.6424291, "distance_m": 1725, "ring": "<=2000 m"}, "geometry": {"type": "Point", "coordinates": [-70.6424291, -33.4321731]}}, {"type": "Feature", "properties": {"osm_id": "way/1197779729", "name": "Parking", "theme": "services", "subtype": "parking", "lat": -33.4327781, "lon": -70.6442375, "distance_m": 1725, "ring": "<=2000 m"}, "geometry": {"type": "Point", "coordinates": [-70.6442375, -33.4327781]}}, {"type": "Feature", "properties": {"osm_id": "node/1335395103", "name": "Mercado Central", "theme": "services", "subtype": "restaurant", "lat": -33.4336169, "lon": -70.651024, "distance_m": 1729, "ring": "<=2000 m"}, "geometry": {"type": "Point", "coordinates": [-70.651024, -33.4336169]}}, {"type": "Feature", "properties": {"osm_id": "node/1259065983", "name": "La Piojera", "theme": "services", "subtype": "pub", "lat": -33.4335505, "lon": -70.6521203, "distance_m": 1730, "ring": "<=2000 m"}, "geometry": {"type": "Point", "coordinates": [-70.6521203, -33.4335505]}}, {"type": "Feature", "properties": {"osm_id": "node/4444703963", "name": "Nutrisol Mini Market", "theme": "services", "subtype": "convenience", "lat": -33.4297042, "lon": -70.6377526, "distance_m": 1733, "ring": "<=2000 m"}, "geometry": {"type": "Point", "coordinates": [-70.6377526, -33.4297042]}}, {"type": "Feature", "properties": {"osm_id": "way/444920884", "name": "Nativa", "theme": "services", "subtype": "hotel", "lat": -33.4311206, "lon": -70.6398975, "distance_m": 1736, "ring": "<=2000 m"}, "geometry": {"type": "Point", "coordinates": [-70.6398975, -33.4311206]}}, {"type": "Feature", "properties": {"osm_id": "node/2592755595", "name": "Cajero Automático", "theme": "services", "subtype": "atm", "lat": -33.4337358, "lon": -70.6497345, "distance_m": 1741, "ring": "<=2000 m"}, "geometry": {"type": "Point", "coordinates": [-70.6497345, -33.4337358]}}, {"type": "Feature", "properties": {"osm_id": "node/4434527481", "name": "Tio Rico", "theme": "services", "subtype": "restaurant", "lat": -33.4098411, "lon": -70.6661346, "distance_m": 1741, "ring": "<=2000 m"}, "geometry": {"type": "Point", "coordinates": [-70.6661346, -33.4098411]}}, {"type": "Feature", "properties": {"osm_id": "node/6033818785", "name": "Ba ri won", "theme": "services", "subtype": "restaurant", "lat": -33.4316776, "lon": -70.6408631, "distance_m": 1742, "ring": "<=2000 m"}, "geometry": {"type": "Point", "coordinates": [-70.6408631, -33.4316776]}}, {"type": "Feature", "properties": {"osm_id": "way/726559314", "name": "Parking", "theme": "services", "subtype": "parking", "lat": -33.4238683, "lon": -70.6327319, "distance_m": 1743, "ring": "<=2000 m"}, "geometry": {"type": "Point", "coordinates": [-70.6327319, -33.4238683]}}, {"type": "Feature", "properties": {"osm_id": "way/444829803", "name": "Restaurant Dong Xing", "theme": "services", "subtype": "restaurant", "lat": -33.4323627, "lon": -70.6424315, "distance_m": 1744, "ring": "<=2000 m"}, "geometry": {"type": "Point", "coordinates": [-70.6424315, -33.4323627]}}, {"type": "Feature", "properties": {"osm_id": "node/4572303189", "name": "Corea Hostal", "theme": "services", "subtype": "hostel", "lat": -33.4316561, "lon": -70.6406739, "distance_m": 1749, "ring": "<=2000 m"}, "geometry": {"type": "Point", "coordinates": [-70.6406739, -33.4316561]}}, {"type": "Feature", "properties": {"osm_id": "node/4785119524", "name": "The King of Sandwich", "theme": "services", "subtype": "fast_food", "lat": -33.4323211, "lon": -70.6421694, "distance_m": 1750, "ring": "<=2000 m"}, "geometry": {"type": "Point", "coordinates": [-70.6421694, -33.4323211]}}, {"type": "Feature", "properties": {"osm_id": "node/8356405111", "name": "Donde La Romy", "theme": "services", "subtype": "fast_food", "lat": -33.4239719, "lon": -70.6327067, "distance_m": 1750, "ring": "<=2000 m"}, "geometry": {"type": "Point", "coordinates": [-70.6327067, -33.4239719]}}, {"type": "Feature", "properties": {"osm_id": "way/444980123", "name": "Copec", "theme": "services", "subtype": "convenience", "lat": -33.4083105, "lon": -70.6353854, "distance_m": 1751, "ring": "<=2000 m"}, "geometry": {"type": "Point", "coordinates": [-70.6353854, -33.4083105]}}, {"type": "Feature", "properties": {"osm_id": "node/1335394418", "name": "Estacionamiento Subterráneo Santa Isabel", "theme": "services", "subtype": "parking", "lat": -33.4338354, "lon": -70.6500883, "distance_m": 1752, "ring": "<=2000 m"}, "geometry": {"type": "Point", "coordinates": [-70.6500883, -33.4338354]}}, {"type": "Feature", "properties": {"osm_id": "node/4205247423", "name": "Rincón Arabesco", "theme": "services", "subtype": "restaurant", "lat": -33.4324909, "lon": -70.6424685, "distance_m": 1755, "ring": "<=2000 m"}, "geometry": {"type": "Point", "coordinates": [-70.6424685, -33.4324909]}}, {"type": "Feature", "properties": {"osm_id": "node/4808517821", "name": "Hostel Casa Mosaico", "theme": "services", "subtype": "guest_house", "lat": -33.4323811, "lon": -70.6421829, "distance_m": 1755, "ring": "<=2000 m"}, "geometry": {"type": "Point", "coordinates": [-70.6421829, -33.4323811]}}, {"type": "Feature", "properties": {"osm_id": "node/5159882522", "name": "XLimon", "theme": "services", "subtype": "bar", "lat": -33.4326443, "lon": -70.642881, "distance_m": 1756, "ring": "<=2000 m"}, "geometry": {"type": "Point", "coordinates": [-70.642881, -33.4326443]}}, {"type": "Feature", "properties": {"osm_id": "way/200123938", "name": "Casa Mosaico Backpacker Hostel", "theme": "services", "subtype": "hostel", "lat": -33.432384, "lon": -70.6421187, "distance_m": 1758, "ring": "<=2000 m"}, "geometry": {"type": "Point", "coordinates": [-70.6421187, -33.432384]}}, {"type": "Feature", "properties": {"osm_id": "node/5846609485", "name": "Atahualpa Restaurant", "theme": "services", "subtype": "restaurant", "lat": -33.4326606, "lon": -70.6428101, "distance_m": 1760, "ring": "<=2000 m"}, "geometry": {"type": "Point", "coordinates": [-70.6428101, -33.4326606]}}, {"type": "Feature", "properties": {"osm_id": "node/8530186868", "name": "Fast Food", "theme": "services", "subtype": "fast_food", "lat": -33.4261912, "lon": -70.633905, "distance_m": 1760, "ring": "<=2000 m"}, "geometry": {"type": "Point", "coordinates": [-70.633905, -33.4261912]}}, {"type": "Feature", "properties": {"osm_id": "node/1276923250", "name": "Estacionamiento Subterráneo Parque Forestal", "theme": "services", "subtype": "parking", "lat": -33.4338251, "lon": -70.6481489, "distance_m": 1761, "ring": "<=2000 m"}, "geometry": {"type": "Point", "coordinates": [-70.6481489, -33.4338251]}}, {"type": "Feature", "properties": {"osm_id": "node/4448525427", "name": "Farmacias del Dr. Simi", "theme": "services", "subtype": "pharmacy", "lat": -33.4339325, "lon": -70.6494518, "distance_m": 1764, "ring": "<=2000 m"}, "geometry": {"type": "Point", "coordinates": [-70.6494518, -33.4339325]}}, {"type": "Feature", "properties": {"osm_id": "node/8530186867", "name": "Ice Cream", "theme": "services", "subtype": "ice_cream", "lat": -33.4262505, "lon": -70.6338285, "distance_m": 1769, "ring": "<=2000 m"}, "geometry": {"type": "Point", "coordinates": [-70.6338285, -33.4262505]}}, {"type": "Feature", "properties": {"osm_id": "node/2538589917", "name": "Alcobri", "theme": "services", "subtype": "restaurant", "lat": -33.4327164, "lon": -70.6425461, "distance_m": 1775, "ring": "<=2000 m"}, "geometry": {"type": "Point", "coordinates": [-70.6425461, -33.4327164]}}, {"type": "Feature", "properties": {"osm_id": "way/447712455", "name": "Hostel", "theme": "services", "subtype": "hostel", "lat": -33.430331, "lon": -70.637917, "distance_m": 1775, "ring": "<=2000 m"}, "geometry": {"type": "Point", "coordinates": [-70.637917, -33.430331]}}, {"type": "Feature", "properties": {"osm_id": "node/4454081817", "name": "Saki", "theme": "services", "subtype": "restaurant", "lat": -33.4322161, "lon": -70.6591165, "distance_m": 1777, "ring": "<=2000 m"}, "geometry": {"type": "Point", "coordinates": [-70.6591165, -33.4322161]}}, {"type": "Feature", "properties": {"osm_id": "node/6073336521", "name": "El Encuentro Peruano", "theme": "services", "subtype": "restaurant", "lat": -33.4340284, "lon": -70.6488768, "distance_m": 1778, "ring": "<=2000 m"}, "geometry": {"type": "Point", "coordinates": [-70.6488768, -33.4340284]}}, {"type": "Feature", "properties": {"osm_id": "node/8530186866", "name": "Gift", "theme": "services", "subtype": "gift", "lat": -33.4263053, "lon": -70.6337588, "distance_m": 1778, "ring": "<=2000 m"}, "geometry": {"type": "Point", "coordinates": [-70.6337588, -33.4263053]}}, {"type": "Feature", "properties": {"osm_id": "node/4452197987", "name": "Marisqueria", "theme": "services", "subtype": "restaurant", "lat": -33.4340669, "lon": -70.6508081, "distance_m": 1779, "ring": "<=2000 m"}, "geometry": {"type": "Point", "coordinates": [-70.6508081, -33.4340669]}}, {"type": "Feature", "properties": {"osm_id": "node/4446791950", "name": "Óxido", "theme": "services", "subtype": "bar", "lat": -33.4306008, "lon": -70.6382407, "distance_m": 1780, "ring": "<=2000 m"}, "geometry": {"type": "Point", "coordinates": [-70.6382407, -33.4306008]}}, {"type": "Feature", "properties": {"osm_id": "node/4226770703", "name": "hotel boutique tremo parque forestal", "theme": "services", "subtype": "hotel", "lat": -33.434012, "lon": -70.648073, "distance_m": 1782, "ring": "<=2000 m"}, "geometry": {"type": "Point", "coordinates": [-70.648073, -33.434012]}}, {"type": "Feature", "properties": {"osm_id": "node/6069512031", "name": "Pequenes Nilo", "theme": "services", "subtype": "restaurant", "lat": -33.4340992, "lon": -70.6507441, "distance_m": 1782, "ring": "<=2000 m"}, "geometry": {"type": "Point", "coordinates": [-70.6507441, -33.4340992]}}, {"type": "Feature", "properties": {"osm_id": "way/444961162", "name": "Casaltura", "theme": "services", "subtype": "hostel", "lat": -33.4340614, "lon": -70.6487595, "distance_m": 1782, "ring": "<=2000 m"}, "geometry": {"type": "Point", "coordinates": [-70.6487595, -33.4340614]}}, {"type": "Feature", "properties": {"osm_id": "way/1197844553", "name": "Parking", "theme": "services", "subtype": "parking", "lat": -33.4329844, "lon": -70.6431241, "distance_m": 1782, "ring": "<=2000 m"}, "geometry": {"type": "Point", "coordinates": [-70.6431241, -33.4329844]}}, {"type": "Feature", "properties": {"osm_id": "node/4394298089", "name": "Empanadas Zunino", "theme": "services", "subtype": "restaurant", "lat": -33.434076, "lon": -70.6515269, "distance_m": 1783, "ring": "<=2000 m"}, "geometry": {"type": "Point", "coordinates": [-70.6515269, -33.434076]}}, {"type": "Feature", "properties": {"osm_id": "node/4436499733", "name": "Sabor Latino", "theme": "services", "subtype": "restaurant", "lat": -33.4064174, "lon": -70.636983, "distance_m": 1784, "ring": "<=2000 m"}, "geometry": {"type": "Point", "coordinates": [-70.636983, -33.4064174]}}, {"type": "Feature", "properties": {"osm_id": "node/5339407621", "name": "El Cerro", "theme": "services", "subtype": "restaurant", "lat": -33.431406, "lon": -70.6394732, "distance_m": 1784, "ring": "<=2000 m"}, "geometry": {"type": "Point", "coordinates": [-70.6394732, -33.431406]}}, {"type": "Feature", "properties": {"osm_id": "node/5894520885", "name": "Restaurant", "theme": "services", "subtype": "restaurant", "lat": -33.434111, "lon": -70.6488687, "distance_m": 1787, "ring": "<=2000 m"}, "geometry": {"type": "Point", "coordinates": [-70.6488687, -33.434111]}}, {"type": "Feature", "properties": {"osm_id": "node/4446791951", "name": "Namce Pollos", "theme": "services", "subtype": "restaurant", "lat": -33.4306834, "lon": -70.6382116, "distance_m": 1789, "ring": "<=2000 m"}, "geometry": {"type": "Point", "coordinates": [-70.6382116, -33.4306834]}}, {"type": "Feature", "properties": {"osm_id": "node/4453731889", "name": "Bar", "theme": "services", "subtype": "bar", "lat": -33.4337387, "lon": -70.6547176, "distance_m": 1791, "ring": "<=2000 m"}, "geometry": {"type": "Point", "coordinates": [-70.6547176, -33.4337387]}}, {"type": "Feature", "properties": {"osm_id": "way/726560001", "name": "La Pérgola del San Criss", "theme": "services", "subtype": "cafe", "lat": -33.424307, "lon": -70.63232, "distance_m": 1797, "ring": "<=2000 m"}, "geometry": {"type": "Point", "coordinates": [-70.63232, -33.424307]}}, {"type": "Feature", "properties": {"osm_id": "node/4452197980", "name": "Flor de Retama", "theme": "services", "subtype": "restaurant", "lat": -33.4341732, "lon": -70.6522031, "distance_m": 1799, "ring": "<=2000 m"}, "geometry": {"type": "Point", "coordinates": [-70.6522031, -33.4341732]}}, {"type": "Feature", "properties": {"osm_id": "way/918464025", "name": "Baños", "theme": "services", "subtype": "toilets", "lat": -33.4262534, "lon": -70.6334452, "distance_m": 1800, "ring": "<=2000 m"}, "geometry": {"type": "Point", "coordinates": [-70.6334452, -33.4262534]}}, {"type": "Feature", "properties": {"osm_id": "node/5258893921", "name": "Sarita Colonia", "theme": "services", "subtype": "restaurant", "lat": -33.4329798, "lon": -70.6425804, "distance_m": 1801, "ring": "<=2000 m"}, "geometry": {"type": "Point", "coordinates": [-70.6425804, -33.4329798]}}, {"type": "Feature", "properties": {"osm_id": "way/933120605", "name": "Parking", "theme": "services", "subtype": "parking", "lat": -33.4260521, "lon": -70.6332231, "distance_m": 1807, "ring": "<=2000 m"}, "geometry": {"type": "Point", "coordinates": [-70.6332231, -33.4260521]}}, {"type": "Feature", "properties": {"osm_id": "node/369947096", "name": "Parking", "theme": "services", "subtype": "parking", "lat": -33.4323007, "lon": -70.6596468, "distance_m": 1809, "ring": "<=2000 m"}, "geometry": {"type": "Point", "coordinates": [-70.6596468, -33.4323007]}}, {"type": "Feature", "properties": {"osm_id": "way/480865299", "name": "Café Tudor", "theme": "services", "subtype": "cafe", "lat": -33.4264541, "lon": -70.6334777, "distance_m": 1809, "ring": "<=2000 m"}, "geometry": {"type": "Point", "coordinates": [-70.6334777, -33.4264541]}}, {"type": "Feature", "properties": {"osm_id": "way/624232422", "name": "Kiosko Santuario", "theme": "services", "subtype": "fast_food", "lat": -33.4262564, "lon": -70.6333304, "distance_m": 1809, "ring": "<=2000 m"}, "geometry": {"type": "Point", "coordinates": [-70.6333304, -33.4262564]}}, {"type": "Feature", "properties": {"osm_id": "node/4452299501", "name": "Farmacias del Dr. Simi", "theme": "services", "subtype": "pharmacy", "lat": -33.4343262, "lon": -70.6515144, "distance_m": 1811, "ring": "<=2000 m"}, "geometry": {"type": "Point", "coordinates": [-70.6515144, -33.4343262]}}, {"type": "Feature", "properties": {"osm_id": "node/5423710021", "name": "Sushi a la Romana", "theme": "services", "subtype": "restaurant", "lat": -33.4318273, "lon": -70.6397253, "distance_m": 1811, "ring": "<=2000 m"}, "geometry": {"type": "Point", "coordinates": [-70.6397253, -33.4318273]}}, {"type": "Feature", "properties": {"osm_id": "way/409007861", "name": "Hotel", "theme": "services", "subtype": "hotel", "lat": -33.4342782, "lon": -70.6481484, "distance_m": 1811, "ring": "<=2000 m"}, "geometry": {"type": "Point", "coordinates": [-70.6481484, -33.4342782]}}, {"type": "Feature", "properties": {"osm_id": "way/444945346", "name": "Hotel Parlamento", "theme": "services", "subtype": "hotel", "lat": -33.4335251, "lon": -70.6439508, "distance_m": 1812, "ring": "<=2000 m"}, "geometry": {"type": "Point", "coordinates": [-70.6439508, -33.4335251]}}, {"type": "Feature", "properties": {"osm_id": "node/1276982862", "name": "Casaltura", "theme": "services", "subtype": "hotel", "lat": -33.4343565, "lon": -70.6490853, "distance_m": 1813, "ring": "<=2000 m"}, "geometry": {"type": "Point", "coordinates": [-70.6490853, -33.4343565]}}, {"type": "Feature", "properties": {"osm_id": "way/1336648179", "name": "Parking", "theme": "services", "subtype": "parking", "lat": -33.4343703, "lon": -70.6492648, "distance_m": 1813, "ring": "<=2000 m"}, "geometry": {"type": "Point", "coordinates": [-70.6492648, -33.4343703]}}, {"type": "Feature", "properties": {"osm_id": "node/13141653826", "name": "Delicatto", "theme": "services", "subtype": "ice_cream", "lat": -33.4260674, "lon": -70.6331071, "distance_m": 1817, "ring": "<=2000 m"}, "geometry": {"type": "Point", "coordinates": [-70.6331071, -33.4260674]}}, {"type": "Feature", "properties": {"osm_id": "node/5351219526", "name": "Drinking Water", "theme": "services", "subtype": "drinking_water", "lat": -33.4243547, "lon": -70.632099, "distance_m": 1818, "ring": "<=2000 m"}, "geometry": {"type": "Point", "coordinates": [-70.632099, -33.4243547]}}, {"type": "Feature", "properties": {"osm_id": "node/436035940", "name": "El Toro", "theme": "services", "subtype": "restaurant", "lat": -33.4330502, "lon": -70.6422517, "distance_m": 1820, "ring": "<=2000 m"}, "geometry": {"type": "Point", "coordinates": [-70.6422517, -33.4330502]}}, {"type": "Feature", "properties": {"osm_id": "node/11309715669", "name": "Pariwana hostal", "theme": "services", "subtype": "hostel", "lat": -33.4320486, "lon": -70.6399352, "distance_m": 1821, "ring": "<=2000 m"}, "geometry": {"type": "Point", "coordinates": [-70.6399352, -33.4320486]}}, {"type": "Feature", "properties": {"osm_id": "node/12825024910", "name": "Farmacia Olímpica", "theme": "services", "subtype": "pharmacy", "lat": -33.4340708, "lon": -70.6543995, "distance_m": 1821, "ring": "<=2000 m"}, "geometry": {"type": "Point", "coordinates": [-70.6543995, -33.4340708]}}, {"type": "Feature", "properties": {"osm_id": "node/4452299494", "name": "Pim Pollo", "theme": "services", "subtype": "fast_food", "lat": -33.434369, "lon": -70.6523478, "distance_m": 1822, "ring": "<=2000 m"}, "geometry": {"type": "Point", "coordinates": [-70.6523478, -33.434369]}}, {"type": "Feature", "properties": {"osm_id": "node/4376697292", "name": "Dae Jang Kum Restaurant Coreano", "theme": "services", "subtype": "restaurant", "lat": -33.4321261, "lon": -70.6400533, "distance_m": 1823, "ring": "<=2000 m"}, "geometry": {"type": "Point", "coordinates": [-70.6400533, -33.4321261]}}, {"type": "Feature", "properties": {"osm_id": "node/4423819799", "name": "Sushi Nikkei", "theme": "services", "subtype": "restaurant", "lat": -33.4319315, "lon": -70.6396845, "distance_m": 1823, "ring": "<=2000 m"}, "geometry": {"type": "Point", "coordinates": [-70.6396845, -33.4319315]}}, {"type": "Feature", "properties": {"osm_id": "way/446173889", "name": "Los Pipas de Einstein", "theme": "services", "subtype": "restaurant", "lat": -33.4030136, "lon": -70.6579285, "distance_m": 1823, "ring": "<=2000 m"}, "geometry": {"type": "Point", "coordinates": [-70.6579285, -33.4030136]}}, {"type": "Feature", "properties": {"osm_id": "node/1841317941", "name": "La Signoria", "theme": "services", "subtype": "restaurant", "lat": -33.4332543, "lon": -70.6427288, "distance_m": 1824, "ring": "<=2000 m"}, "geometry": {"type": "Point", "coordinates": [-70.6427288, -33.4332543]}}, {"type": "Feature", "properties": {"osm_id": "node/4422892728", "name": "Sushi Bar", "theme": "services", "subtype": "restaurant", "lat": -33.4332222, "lon": -70.6426304, "distance_m": 1824, "ring": "<=2000 m"}, "geometry": {"type": "Point", "coordinates": [-70.6426304, -33.4332222]}}, {"type": "Feature", "properties": {"osm_id": "node/4452299492", "name": "Belen Farmacias", "theme": "services", "subtype": "pharmacy", "lat": -33.434378, "lon": -70.6525508, "distance_m": 1825, "ring": "<=2000 m"}, "geometry": {"type": "Point", "coordinates": [-70.6525508, -33.434378]}}, {"type": "Feature", "properties": {"osm_id": "node/8356405033", "name": "Toilets", "theme": "services", "subtype": "toilets", "lat": -33.4250904, "lon": -70.6323878, "distance_m": 1827, "ring": "<=2000 m"}, "geometry": {"type": "Point", "coordinates": [-70.6323878, -33.4250904]}}, {"type": "Feature", "properties": {"osm_id": "node/12377401691", "name": "Under Pizza", "theme": "services", "subtype": "fast_food", "lat": -33.4026193, "lon": -70.6435382, "distance_m": 1827, "ring": "<=2000 m"}, "geometry": {"type": "Point", "coordinates": [-70.6435382, -33.4026193]}}, {"type": "Feature", "properties": {"osm_id": "node/13613145901", "name": "Rokes Fusion Bellavista", "theme": "services", "subtype": "restaurant", "lat": -33.4319761, "lon": -70.6396529, "distance_m": 1828, "ring": "<=2000 m"}, "geometry": {"type": "Point", "coordinates": [-70.6396529, -33.4319761]}}, {"type": "Feature", "properties": {"osm_id": "node/4555717991", "name": "Panaderia Fufu", "theme": "services", "subtype": "bakery", "lat": -33.4319502, "lon": -70.6395832, "distance_m": 1829, "ring": "<=2000 m"}, "geometry": {"type": "Point", "coordinates": [-70.6395832, -33.4319502]}}, {"type": "Feature", "properties": {"osm_id": "node/12377401688", "name": "Cruz Verde", "theme": "services", "subtype": "pharmacy", "lat": -33.402635, "lon": -70.643396, "distance_m": 1829, "ring": "<=2000 m"}, "geometry": {"type": "Point", "coordinates": [-70.643396, -33.402635]}}, {"type": "Feature", "properties": {"osm_id": "node/4452590226", "name": "Puerto Esmeralda", "theme": "services", "subtype": "restaurant", "lat": -33.4344912, "lon": -70.6487335, "distance_m": 1830, "ring": "<=2000 m"}, "geometry": {"type": "Point", "coordinates": [-70.6487335, -33.4344912]}}, {"type": "Feature", "properties": {"osm_id": "node/5741226892", "name": "Starbucks", "theme": "services", "subtype": "cafe", "lat": -33.4331546, "lon": -70.658097, "distance_m": 1830, "ring": "<=2000 m"}, "geometry": {"type": "Point", "coordinates": [-70.658097, -33.4331546]}}, {"type": "Feature", "properties": {"osm_id": "node/7562766389", "name": "Toilets", "theme": "services", "subtype": "toilets", "lat": -33.426407, "lon": -70.6331796, "distance_m": 1830, "ring": "<=2000 m"}, "geometry": {"type": "Point", "coordinates": [-70.6331796, -33.426407]}}, {"type": "Feature", "properties": {"osm_id": "node/5351219521", "name": "Drinking Water", "theme": "services", "subtype": "drinking_water", "lat": -33.4265249, "lon": -70.6332407, "distance_m": 1832, "ring": "<=2000 m"}, "geometry": {"type": "Point", "coordinates": [-70.6332407, -33.4265249]}}, {"type": "Feature", "properties": {"osm_id": "node/5242047436", "name": "El Guelu", "theme": "services", "subtype": "cafe", "lat": -33.4333221, "lon": -70.6577276, "distance_m": 1834, "ring": "<=2000 m"}, "geometry": {"type": "Point", "coordinates": [-70.6577276, -33.4333221]}}, {"type": "Feature", "properties": {"osm_id": "node/4447798959", "name": "El Caramaño", "theme": "services", "subtype": "restaurant", "lat": -33.4312404, "lon": -70.6381644, "distance_m": 1840, "ring": "<=2000 m"}, "geometry": {"type": "Point", "coordinates": [-70.6381644, -33.4312404]}}, {"type": "Feature", "properties": {"osm_id": "way/447712452", "name": "El Meson Nerudiano", "theme": "services", "subtype": "restaurant", "lat": -33.430335, "lon": -70.6368314, "distance_m": 1842, "ring": "<=2000 m"}, "geometry": {"type": "Point", "coordinates": [-70.6368314, -33.430335]}}, {"type": "Feature", "properties": {"osm_id": "node/8356405027", "name": "Delicatto", "theme": "services", "subtype": "ice_cream", "lat": -33.4252353, "lon": -70.632279, "distance_m": 1843, "ring": "<=2000 m"}, "geometry": {"type": "Point", "coordinates": [-70.632279, -33.4252353]}}, {"type": "Feature", "properties": {"osm_id": "node/1841317946", "name": "Santa Angela", "theme": "services", "subtype": "restaurant", "lat": -33.4333283, "lon": -70.6422959, "distance_m": 1847, "ring": "<=2000 m"}, "geometry": {"type": "Point", "coordinates": [-70.6422959, -33.4333283]}}, {"type": "Feature", "properties": {"osm_id": "way/386193086", "name": "Municipalidad Recoleta", "theme": "services", "subtype": "parking", "lat": -33.4024402, "lon": -70.643412, "distance_m": 1849, "ring": "<=2000 m"}, "geometry": {"type": "Point", "coordinates": [-70.643412, -33.4024402]}}, {"type": "Feature", "properties": {"osm_id": "way/446173890", "name": "Cecinas Pincheira", "theme": "services", "subtype": "restaurant", "lat": -33.4027335, "lon": -70.6578655, "distance_m": 1849, "ring": "<=2000 m"}, "geometry": {"type": "Point", "coordinates": [-70.6578655, -33.4027335]}}, {"type": "Feature", "properties": {"osm_id": "node/4422909947", "name": "Sk Market", "theme": "services", "subtype": "convenience", "lat": -33.4318043, "lon": -70.6389241, "distance_m": 1850, "ring": "<=2000 m"}, "geometry": {"type": "Point", "coordinates": [-70.6389241, -33.4318043]}}, {"type": "Feature", "properties": {"osm_id": "node/6522250903", "name": "Serrano Pizza", "theme": "services", "subtype": "restaurant", "lat": -33.4335369, "lon": -70.6428224, "distance_m": 1850, "ring": "<=2000 m"}, "geometry": {"type": "Point", "coordinates": [-70.6428224, -33.4335369]}}, {"type": "Feature", "properties": {"osm_id": "way/448180872", "name": "Hotel Olicar 1", "theme": "services", "subtype": "hotel", "lat": -33.4341352, "lon": -70.6554008, "distance_m": 1850, "ring": "<=2000 m"}, "geometry": {"type": "Point", "coordinates": [-70.6554008, -33.4341352]}}, {"type": "Feature", "properties": {"osm_id": "node/4350165809", "name": "Hostel Dominica", "theme": "services", "subtype": "hostel", "lat": -33.4303718, "lon": -70.6367181, "distance_m": 1852, "ring": "<=2000 m"}, "geometry": {"type": "Point", "coordinates": [-70.6367181, -33.4303718]}}, {"type": "Feature", "properties": {"osm_id": "node/6403388643", "name": "Deleitte", "theme": "services", "subtype": "fast_food", "lat": -33.4028076, "lon": -70.6421628, "distance_m": 1854, "ring": "<=2000 m"}, "geometry": {"type": "Point", "coordinates": [-70.6421628, -33.4028076]}}, {"type": "Feature", "properties": {"osm_id": "node/4422918603", "name": "Mendo's", "theme": "services", "subtype": "restaurant", "lat": -33.4333852, "lon": -70.6421858, "distance_m": 1857, "ring": "<=2000 m"}, "geometry": {"type": "Point", "coordinates": [-70.6421858, -33.4333852]}}, {"type": "Feature", "properties": {"osm_id": "node/4452182500", "name": "Mini Market", "theme": "services", "subtype": "convenience", "lat": -33.4342869, "lon": -70.6550019, "distance_m": 1857, "ring": "<=2000 m"}, "geometry": {"type": "Point", "coordinates": [-70.6550019, -33.4342869]}}, {"type": "Feature", "properties": {"osm_id": "node/5519557587", "name": "Los Famosos Sherman's", "theme": "services", "subtype": "fast_food", "lat": -33.4342956, "lon": -70.6550385, "distance_m": 1858, "ring": "<=2000 m"}, "geometry": {"type": "Point", "coordinates": [-70.6550385, -33.4342956]}}, {"type": "Feature", "properties": {"osm_id": "node/13722450645", "name": "Toilets", "theme": "services", "subtype": "toilets", "lat": -33.4225556, "lon": -70.6309027, "distance_m": 1858, "ring": "<=2000 m"}, "geometry": {"type": "Point", "coordinates": [-70.6309027, -33.4225556]}}, {"type": "Feature", "properties": {"osm_id": "node/5021009121", "name": "Restaurant", "theme": "services", "subtype": "restaurant", "lat": -33.4336143, "lon": -70.6427005, "distance_m": 1862, "ring": "<=2000 m"}, "geometry": {"type": "Point", "coordinates": [-70.6427005, -33.4336143]}}, {"type": "Feature", "properties": {"osm_id": "way/409005284", "name": "CafeEsmeralda", "theme": "services", "subtype": "cafe", "lat": -33.4347416, "lon": -70.6480451, "distance_m": 1863, "ring": "<=2000 m"}, "geometry": {"type": "Point", "coordinates": [-70.6480451, -33.4347416]}}, {"type": "Feature", "properties": {"osm_id": "node/4446791940", "name": "Bodeguilla de Cristóbal", "theme": "services", "subtype": "restaurant", "lat": -33.4303288, "lon": -70.6364729, "distance_m": 1864, "ring": "<=2000 m"}, "geometry": {"type": "Point", "coordinates": [-70.6364729, -33.4303288]}}, {"type": "Feature", "properties": {"osm_id": "node/5456701946", "name": "Guadalupe Milagros", "theme": "services", "subtype": "convenience", "lat": -33.434737, "lon": -70.6476813, "distance_m": 1867, "ring": "<=2000 m"}, "geometry": {"type": "Point", "coordinates": [-70.6476813, -33.434737]}}, {"type": "Feature", "properties": {"osm_id": "way/447589043", "name": "Hotel", "theme": "services", "subtype": "hotel", "lat": -33.4303245, "lon": -70.6364229, "distance_m": 1867, "ring": "<=2000 m"}, "geometry": {"type": "Point", "coordinates": [-70.6364229, -33.4303245]}}, {"type": "Feature", "properties": {"osm_id": "node/5280739922", "name": "Drinking Water", "theme": "services", "subtype": "drinking_water", "lat": -33.4300908, "lon": -70.6360325, "distance_m": 1873, "ring": "<=2000 m"}, "geometry": {"type": "Point", "coordinates": [-70.6360325, -33.4300908]}}, {"type": "Feature", "properties": {"osm_id": "way/1214662807", "name": "Parking", "theme": "services", "subtype": "parking", "lat": -33.433137, "lon": -70.641069, "distance_m": 1876, "ring": "<=2000 m"}, "geometry": {"type": "Point", "coordinates": [-70.641069, -33.433137]}}, {"type": "Feature", "properties": {"osm_id": "node/10905309924", "name": "Farmacia Ultra Solidaria", "theme": "services", "subtype": "pharmacy", "lat": -33.4338767, "lon": -70.6573541, "distance_m": 1878, "ring": "<=2000 m"}, "geometry": {"type": "Point", "coordinates": [-70.6573541, -33.4338767]}}, {"type": "Feature", "properties": {"osm_id": "way/832462060", "name": "Parking", "theme": "services", "subtype": "parking", "lat": -33.4064113, "lon": -70.6648269, "distance_m": 1879, "ring": "<=2000 m"}, "geometry": {"type": "Point", "coordinates": [-70.6648269, -33.4064113]}}, {"type": "Feature", "properties": {"osm_id": "node/10905308110", "name": "Oxxo", "theme": "services", "subtype": "convenience", "lat": -33.4338627, "lon": -70.6575103, "distance_m": 1882, "ring": "<=2000 m"}, "geometry": {"type": "Point", "coordinates": [-70.6575103, -33.4338627]}}, {"type": "Feature", "properties": {"osm_id": "node/3796319871", "name": "Hostel La Chimba", "theme": "services", "subtype": "hostel", "lat": -33.4311725, "lon": -70.637281, "distance_m": 1885, "ring": "<=2000 m"}, "geometry": {"type": "Point", "coordinates": [-70.637281, -33.4311725]}}, {"type": "Feature", "properties": {"osm_id": "way/445112533", "name": "Farmacia Formas", "theme": "services", "subtype": "pharmacy", "lat": -33.4087763, "lon": -70.6671575, "distance_m": 1885, "ring": "<=2000 m"}, "geometry": {"type": "Point", "coordinates": [-70.6671575, -33.4087763]}}, {"type": "Feature", "properties": {"osm_id": "node/1335393372", "name": "Estacionamiento Subterráneo Mall del Centro", "theme": "services", "subtype": "parking", "lat": -33.4350606, "lon": -70.6504232, "distance_m": 1888, "ring": "<=2000 m"}, "geometry": {"type": "Point", "coordinates": [-70.6504232, -33.4350606]}}, {"type": "Feature", "properties": {"osm_id": "node/10905259354", "name": "Piazza Pizza", "theme": "services", "subtype": "fast_food", "lat": -33.4341576, "lon": -70.6568133, "distance_m": 1891, "ring": "<=2000 m"}, "geometry": {"type": "Point", "coordinates": [-70.6568133, -33.4341576]}}]}