{"type": "FeatureCollection", "name": "poi_culture", "crs": {"type": "name", "properties": {"name": "urn:ogc:def:crs:OGC:1.3:CRS84"}}, "features": [{"type": "Feature", "properties": {"osm_id": "node/5013108324", "name": "Monumento La Dolorosa", "theme": "culture", "subtype": "memorial", "lat": -33.41808, "lon": -70.6501863, "distance_m": 0, "ring": "<=500 m"}, "geometry": {"type": "Point", "coordinates": [-70.6501863, -33.41808]}}, {"type": "Feature", "properties": {"osm_id": "node/11290756247", "name": "Information", "theme": "culture", "subtype": "information", "lat": -33.41797, "lon": -70.6500562, "distance_m": 17, "ring": "<=500 m"}, "geometry": {"type": "Point", "coordinates": [-70.6500562, -33.41797]}}, {"type": "Feature", "properties": {"osm_id": "relation/11339176", "name": "Plaza La Paz", "theme": "culture", "subtype": "ruins", "lat": -33.4183388, "lon": -70.6502492, "distance_m": 29, "ring": "<=500 m"}, "geometry": {"type": "Point", "coordinates": [-70.6502492, -33.4183388]}}, {"type": "Feature", "properties": {"osm_id": "node/5538269377", "name": "José Joaquín Aguirre", "theme": "culture", "subtype": "memorial", "lat": -33.4205591, "lon": -70.6531714, "distance_m": 391, "ring": "<=500 m"}, "geometry": {"type": "Point", "coordinates": [-70.6531714, -33.4205591]}}, {"type": "Feature", "properties": {"osm_id": "node/10943434533", "name": "Museo de Anatomía", "theme": "culture", "subtype": "museum", "lat": -33.4177998, "lon": -70.6548073, "distance_m": 430, "ring": "<=500 m"}, "geometry": {"type": "Point", "coordinates": [-70.6548073, -33.4177998]}}, {"type": "Feature", "properties": {"osm_id": "node/8576815656", "name": "Viewpoint", "theme": "culture", "subtype": "viewpoint", "lat": -33.4198885, "lon": -70.6460585, "distance_m": 433, "ring": "<=500 m"}, "geometry": {"type": "Point", "coordinates": [-70.6460585, -33.4198885]}}, {"type": "Feature", "properties": {"osm_id": "node/8576815858", "name": "Viewpoint", "theme": "culture", "subtype": "viewpoint", "lat": -33.419203, "lon": -70.6456656, "distance_m": 438, "ring": "<=500 m"}, "geometry": {"type": "Point", "coordinates": [-70.6456656, -33.419203]}}, {"type": "Feature", "properties": {"osm_id": "node/721033687", "name": "Centro Nacional de Recuperación Patrimonial MINSAL", "theme": "culture", "subtype": "museum", "lat": -33.4143977, "lon": -70.6534896, "distance_m": 512, "ring": "<=1000 m"}, "geometry": {"type": "Point", "coordinates": [-70.6534896, -33.4143977]}}, {"type": "Feature", "properties": {"osm_id": "node/10943434534", "name": "Museo Nacional de Medicina Dr. Enrique Laval", "theme": "culture", "subtype": "museum", "lat": -33.4193457, "lon": -70.6555141, "distance_m": 514, "ring": "<=1000 m"}, "geometry": {"type": "Point", "coordinates": [-70.6555141, -33.4193457]}}, {"type": "Feature", "properties": {"osm_id": "way/859928690", "name": "Biblioteca Central", "theme": "culture", "subtype": "library", "lat": -33.4183406, "lon": -70.655796, "distance_m": 521, "ring": "<=1000 m"}, "geometry": {"type": "Point", "coordinates": [-70.655796, -33.4183406]}}, {"type": "Feature", "properties": {"osm_id": "node/5553314373", "name": "Pirámide decorativa", "theme": "culture", "subtype": "artwork", "lat": -33.4228118, "lon": -70.6515181, "distance_m": 540, "ring": "<=1000 m"}, "geometry": {"type": "Point", "coordinates": [-70.6515181, -33.4228118]}}, {"type": "Feature", "properties": {"osm_id": "node/5553314372", "name": "Pirámide decorativa", "theme": "culture", "subtype": "artwork", "lat": -33.4228017, "lon": -70.6515869, "distance_m": 541, "ring": "<=1000 m"}, "geometry": {"type": "Point", "coordinates": [-70.6515869, -33.4228017]}}, {"type": "Feature", "properties": {"osm_id": "way/445061212", "name": "Biblioteca Pública de Independencia", "theme": "culture", "subtype": "library", "lat": -33.4175027, "lon": -70.6559751, "distance_m": 541, "ring": "<=1000 m"}, "geometry": {"type": "Point", "coordinates": [-70.6559751, -33.4175027]}}, {"type": "Feature", "properties": {"osm_id": "node/8576815428", "name": "Piedras Tacitas", "theme": "culture", "subtype": "archaeological_site", "lat": -33.4165507, "lon": -70.6445396, "distance_m": 551, "ring": "<=1000 m"}, "geometry": {"type": "Point", "coordinates": [-70.6445396, -33.4165507]}}, {"type": "Feature", "properties": {"osm_id": "way/1388102700", "name": "Teatro Grez", "theme": "culture", "subtype": "theatre", "lat": -33.4228817, "lon": -70.6486249, "distance_m": 553, "ring": "<=1000 m"}, "geometry": {"type": "Point", "coordinates": [-70.6486249, -33.4228817]}}, {"type": "Feature", "properties": {"osm_id": "node/5553314375", "name": "Pirámide decorativa", "theme": "culture", "subtype": "artwork", "lat": -33.4230374, "lon": -70.6514648, "distance_m": 564, "ring": "<=1000 m"}, "geometry": {"type": "Point", "coordinates": [-70.6514648, -33.4230374]}}, {"type": "Feature", "properties": {"osm_id": "node/5553314377", "name": "Pirámide decorativa", "theme": "culture", "subtype": "artwork", "lat": -33.4230156, "lon": -70.6515979, "distance_m": 564, "ring": "<=1000 m"}, "geometry": {"type": "Point", "coordinates": [-70.6515979, -33.4230156]}}, {"type": "Feature", "properties": {"osm_id": "node/8576815523", "name": "Parque Ceremonial Cerro Blanco", "theme": "culture", "subtype": "information", "lat": -33.4216168, "lon": -70.6455543, "distance_m": 583, "ring": "<=1000 m"}, "geometry": {"type": "Point", "coordinates": [-70.6455543, -33.4216168]}}, {"type": "Feature", "properties": {"osm_id": "way/174857943", "name": "Anexo Biblioteca", "theme": "culture", "subtype": "library", "lat": -33.4224722, "lon": -70.6537548, "distance_m": 590, "ring": "<=1000 m"}, "geometry": {"type": "Point", "coordinates": [-70.6537548, -33.4224722]}}, {"type": "Feature", "properties": {"osm_id": "way/174857944", "name": "Biblioteca", "theme": "culture", "subtype": "library", "lat": -33.4227841, "lon": -70.6537946, "distance_m": 621, "ring": "<=1000 m"}, "geometry": {"type": "Point", "coordinates": [-70.6537946, -33.4227841]}}, {"type": "Feature", "properties": {"osm_id": "way/923953787", "name": "Iglesia La Viñita", "theme": "culture", "subtype": "place_of_worship", "lat": -33.4218275, "lon": -70.6452321, "distance_m": 621, "ring": "<=1000 m"}, "geometry": {"type": "Point", "coordinates": [-70.6452321, -33.4218275]}}, {"type": "Feature", "properties": {"osm_id": "node/11907310243", "name": "Memorial", "theme": "culture", "subtype": "memorial", "lat": -33.4221492, "lon": -70.6450778, "distance_m": 655, "ring": "<=1000 m"}, "geometry": {"type": "Point", "coordinates": [-70.6450778, -33.4221492]}}, {"type": "Feature", "properties": {"osm_id": "relation/8509420", "name": "Nuestra Señora de la Estampa", "theme": "culture", "subtype": "place_of_worship", "lat": -33.4235472, "lon": -70.6546416, "distance_m": 735, "ring": "<=1000 m"}, "geometry": {"type": "Point", "coordinates": [-70.6546416, -33.4235472]}}, {"type": "Feature", "properties": {"osm_id": "node/2418252445", "name": "Centro Cultural Anandamapu", "theme": "culture", "subtype": "arts_centre", "lat": -33.4207926, "lon": -70.6429196, "distance_m": 739, "ring": "<=1000 m"}, "geometry": {"type": "Point", "coordinates": [-70.6429196, -33.4207926]}}, {"type": "Feature", "properties": {"osm_id": "way/444956188", "name": "Templo Pentecostes Dios de la Verdad", "theme": "culture", "subtype": "place_of_worship", "lat": -33.4240935, "lon": -70.6458265, "distance_m": 782, "ring": "<=1000 m"}, "geometry": {"type": "Point", "coordinates": [-70.6458265, -33.4240935]}}, {"type": "Feature", "properties": {"osm_id": "way/651768261", "name": "Iglesia Recoleta Dominica", "theme": "culture", "subtype": "place_of_worship", "lat": -33.4239747, "lon": -70.6445615, "distance_m": 838, "ring": "<=1000 m"}, "geometry": {"type": "Point", "coordinates": [-70.6445615, -33.4239747]}}, {"type": "Feature", "properties": {"osm_id": "node/906435050", "name": "Instituto Comercial Libertador Bernardo O'Higgins", "theme": "culture", "subtype": "viewpoint", "lat": -33.4249534, "lon": -70.6542275, "distance_m": 851, "ring": "<=1000 m"}, "geometry": {"type": "Point", "coordinates": [-70.6542275, -33.4249534]}}, {"type": "Feature", "properties": {"osm_id": "node/10917409223", "name": "Museo de Artes Decorativas", "theme": "culture", "subtype": "museum", "lat": -33.4244775, "lon": -70.6449615, "distance_m": 861, "ring": "<=1000 m"}, "geometry": {"type": "Point", "coordinates": [-70.6449615, -33.4244775]}}, {"type": "Feature", "properties": {"osm_id": "node/6003266325", "name": "Biblioteca Patrimonial Recoleta Domínica", "theme": "culture", "subtype": "library", "lat": -33.424391, "lon": -70.6446497, "distance_m": 870, "ring": "<=1000 m"}, "geometry": {"type": "Point", "coordinates": [-70.6446497, -33.424391]}}, {"type": "Feature", "properties": {"osm_id": "node/3801481997", "name": "Museo Histórico Dominico", "theme": "culture", "subtype": "museum", "lat": -33.4248166, "lon": -70.6448334, "distance_m": 899, "ring": "<=1000 m"}, "geometry": {"type": "Point", "coordinates": [-70.6448334, -33.4248166]}}, {"type": "Feature", "properties": {"osm_id": "relation/9071345", "name": "Centro Patrimonial Recoleta Dominica", "theme": "culture", "subtype": "arts_centre", "lat": -33.4246054, "lon": -70.6444187, "distance_m": 902, "ring": "<=1000 m"}, "geometry": {"type": "Point", "coordinates": [-70.6444187, -33.4246054]}}, {"type": "Feature", "properties": {"osm_id": "node/12236453925", "name": "Parque María Luisa", "theme": "culture", "subtype": "memorial", "lat": -33.4201605, "lon": -70.6403902, "distance_m": 938, "ring": "<=1000 m"}, "geometry": {"type": "Point", "coordinates": [-70.6403902, -33.4201605]}}, {"type": "Feature", "properties": {"osm_id": "node/12236453930", "name": "Information", "theme": "culture", "subtype": "information", "lat": -33.420769, "lon": -70.6404497, "distance_m": 952, "ring": "<=1000 m"}, "geometry": {"type": "Point", "coordinates": [-70.6404497, -33.420769]}}, {"type": "Feature", "properties": {"osm_id": "way/566822682", "name": "Biblioparque Pablo Neruda", "theme": "culture", "subtype": "library", "lat": -33.420821, "lon": -70.6403385, "distance_m": 963, "ring": "<=1000 m"}, "geometry": {"type": "Point", "coordinates": [-70.6403385, -33.420821]}}, {"type": "Feature", "properties": {"osm_id": "node/5457873860", "name": "Anfiteatro Infantil", "theme": "culture", "subtype": "theatre", "lat": -33.4192255, "lon": -70.6397278, "distance_m": 979, "ring": "<=1000 m"}, "geometry": {"type": "Point", "coordinates": [-70.6397278, -33.4192255]}}, {"type": "Feature", "properties": {"osm_id": "node/12236453926", "name": "Information", "theme": "culture", "subtype": "information", "lat": -33.4190793, "lon": -70.639251, "distance_m": 1021, "ring": "<=2000 m"}, "geometry": {"type": "Point", "coordinates": [-70.639251, -33.4190793]}}, {"type": "Feature", "properties": {"osm_id": "way/447102292", "name": "La Iglesia de Jesucristo de los Santos de los Últimos Días", "theme": "culture", "subtype": "place_of_worship", "lat": -33.4166294, "lon": -70.6391667, "distance_m": 1035, "ring": "<=2000 m"}, "geometry": {"type": "Point", "coordinates": [-70.6391667, -33.4166294]}}, {"type": "Feature", "properties": {"osm_id": "way/445077327", "name": "Iglesia Evangelica Pentecostes", "theme": "culture", "subtype": "place_of_worship", "lat": -33.4107099, "lon": -70.6432343, "distance_m": 1043, "ring": "<=2000 m"}, "geometry": {"type": "Point", "coordinates": [-70.6432343, -33.4107099]}}, {"type": "Feature", "properties": {"osm_id": "node/12542607449", "name": "Museo Liceo Valentín Letelier", "theme": "culture", "subtype": "museum", "lat": -33.4267428, "lon": -70.6454321, "distance_m": 1060, "ring": "<=2000 m"}, "geometry": {"type": "Point", "coordinates": [-70.6454321, -33.4267428]}}, {"type": "Feature", "properties": {"osm_id": "node/8566030224", "name": "Information", "theme": "culture", "subtype": "information", "lat": -33.4200085, "lon": -70.6388852, "distance_m": 1071, "ring": "<=2000 m"}, "geometry": {"type": "Point", "coordinates": [-70.6388852, -33.4200085]}}, {"type": "Feature", "properties": {"osm_id": "node/6946305144", "name": "Viewpoint", "theme": "culture", "subtype": "viewpoint", "lat": -33.4196007, "lon": -70.6384591, "distance_m": 1101, "ring": "<=2000 m"}, "geometry": {"type": "Point", "coordinates": [-70.6384591, -33.4196007]}}, {"type": "Feature", "properties": {"osm_id": "node/4832978821", "name": "Iglesia Coreana Youngrak", "theme": "culture", "subtype": "place_of_worship", "lat": -33.4270092, "lon": -70.6441287, "distance_m": 1141, "ring": "<=2000 m"}, "geometry": {"type": "Point", "coordinates": [-70.6441287, -33.4270092]}}, {"type": "Feature", "properties": {"osm_id": "node/6938709530", "name": "Mirador La Chimba", "theme": "culture", "subtype": "viewpoint", "lat": -33.4204999, "lon": -70.6381875, "distance_m": 1146, "ring": "<=2000 m"}, "geometry": {"type": "Point", "coordinates": [-70.6381875, -33.4204999]}}, {"type": "Feature", "properties": {"osm_id": "node/10971873709", "name": "Artwork", "theme": "culture", "subtype": "artwork", "lat": -33.4244525, "lon": -70.639986, "distance_m": 1182, "ring": "<=2000 m"}, "geometry": {"type": "Point", "coordinates": [-70.639986, -33.4244525]}}, {"type": "Feature", "properties": {"osm_id": "way/447546213", "name": "Iglesia de Santo Tomas de Aquino", "theme": "culture", "subtype": "place_of_worship", "lat": -33.4213355, "lon": -70.6625393, "distance_m": 1202, "ring": "<=2000 m"}, "geometry": {"type": "Point", "coordinates": [-70.6625393, -33.4213355]}}, {"type": "Feature", "properties": {"osm_id": "way/446595259", "name": "La Iglesia de Jesucristo de los Santos de los Últimos Días", "theme": "culture", "subtype": "place_of_worship", "lat": -33.4070916, "lon": -70.6521516, "distance_m": 1235, "ring": "<=2000 m"}, "geometry": {"type": "Point", "coordinates": [-70.6521516, -33.4070916]}}, {"type": "Feature", "properties": {"osm_id": "way/444974544", "name": "Iglesia Nuestra Señora de la Merced", "theme": "culture", "subtype": "place_of_worship", "lat": -33.412608, "lon": -70.6384225, "distance_m": 1250, "ring": "<=2000 m"}, "geometry": {"type": "Point", "coordinates": [-70.6384225, -33.412608]}}, {"type": "Feature", "properties": {"osm_id": "node/2418241466", "name": "Bibliovega El Fruto de los Libros", "theme": "culture", "subtype": "library", "lat": -33.4293342, "lon": -70.6488664, "distance_m": 1257, "ring": "<=2000 m"}, "geometry": {"type": "Point", "coordinates": [-70.6488664, -33.4293342]}}, {"type": "Feature", "properties": {"osm_id": "node/4425193610", "name": "Teatro Chile", "theme": "culture", "subtype": "theatre", "lat": -33.4082173, "lon": -70.6434651, "distance_m": 1262, "ring": "<=2000 m"}, "geometry": {"type": "Point", "coordinates": [-70.6434651, -33.4082173]}}, {"type": "Feature", "properties": {"osm_id": "node/8505155044", "name": "Arcángel Rafael", "theme": "culture", "subtype": "artwork", "lat": -33.4292865, "lon": -70.6532808, "distance_m": 1279, "ring": "<=2000 m"}, "geometry": {"type": "Point", "coordinates": [-70.6532808, -33.4292865]}}, {"type": "Feature", "properties": {"osm_id": "way/173380683", "name": "Buen Pastor", "theme": "culture", "subtype": "place_of_worship", "lat": -33.4258817, "lon": -70.6605388, "distance_m": 1294, "ring": "<=2000 m"}, "geometry": {"type": "Point", "coordinates": [-70.6605388, -33.4258817]}}, {"type": "Feature", "properties": {"osm_id": "way/405360214", "name": "Iglesia San Nicolás", "theme": "culture", "subtype": "place_of_worship", "lat": -33.4289095, "lon": -70.6449092, "distance_m": 1300, "ring": "<=2000 m"}, "geometry": {"type": "Point", "coordinates": [-70.6449092, -33.4289095]}}, {"type": "Feature", "properties": {"osm_id": "way/447544079", "name": "Iglesia Metodista Pentecostal de Chile", "theme": "culture", "subtype": "place_of_worship", "lat": -33.4298165, "lon": -70.6513177, "distance_m": 1309, "ring": "<=2000 m"}, "geometry": {"type": "Point", "coordinates": [-70.6513177, -33.4298165]}}, {"type": "Feature", "properties": {"osm_id": "node/7254437523", "name": "Jardín Ermitaño Bajo", "theme": "culture", "subtype": "viewpoint", "lat": -33.4181763, "lon": -70.6357128, "distance_m": 1343, "ring": "<=2000 m"}, "geometry": {"type": "Point", "coordinates": [-70.6357128, -33.4181763]}}, {"type": "Feature", "properties": {"osm_id": "way/1214230416", "name": "Casa San Cristóbal", "theme": "culture", "subtype": "arts_centre", "lat": -33.4264256, "lon": -70.639271, "distance_m": 1374, "ring": "<=2000 m"}, "geometry": {"type": "Point", "coordinates": [-70.639271, -33.4264256]}}, {"type": "Feature", "properties": {"osm_id": "relation/3438691", "name": "Iglesia de la Recoleta Franciscana", "theme": "culture", "subtype": "place_of_worship", "lat": -33.4303225, "lon": -70.6477746, "distance_m": 1380, "ring": "<=2000 m"}, "geometry": {"type": "Point", "coordinates": [-70.6477746, -33.4303225]}}, {"type": "Feature", "properties": {"osm_id": "node/10158379786", "name": "Animita Josecito", "theme": "culture", "subtype": "memorial", "lat": -33.4272296, "lon": -70.6400028, "distance_m": 1389, "ring": "<=2000 m"}, "geometry": {"type": "Point", "coordinates": [-70.6400028, -33.4272296]}}, {"type": "Feature", "properties": {"osm_id": "way/256575704", "name": "Iglesia del Niño Jesús de Praga", "theme": "culture", "subtype": "place_of_worship", "lat": -33.430354, "lon": -70.6535466, "distance_m": 1400, "ring": "<=2000 m"}, "geometry": {"type": "Point", "coordinates": [-70.6535466, -33.430354]}}, {"type": "Feature", "properties": {"osm_id": "way/405360215", "name": "Iglesia Santa Filomena", "theme": "culture", "subtype": "place_of_worship", "lat": -33.4295878, "lon": -70.643501, "distance_m": 1422, "ring": "<=2000 m"}, "geometry": {"type": "Point", "coordinates": [-70.643501, -33.4295878]}}, {"type": "Feature", "properties": {"osm_id": "node/8504333699", "name": "Artwork", "theme": "culture", "subtype": "artwork", "lat": -33.4306085, "lon": -70.6535709, "distance_m": 1428, "ring": "<=2000 m"}, "geometry": {"type": "Point", "coordinates": [-70.6535709, -33.4306085]}}, {"type": "Feature", "properties": {"osm_id": "node/8504333697", "name": "Tótem patrimonial", "theme": "culture", "subtype": "information", "lat": -33.4307194, "lon": -70.6533653, "distance_m": 1436, "ring": "<=2000 m"}, "geometry": {"type": "Point", "coordinates": [-70.6533653, -33.4307194]}}, {"type": "Feature", "properties": {"osm_id": "way/405360217", "name": "Catedral Ortodoxa San Jorge", "theme": "culture", "subtype": "place_of_worship", "lat": -33.4301538, "lon": -70.6440441, "distance_m": 1459, "ring": "<=2000 m"}, "geometry": {"type": "Point", "coordinates": [-70.6440441, -33.4301538]}}, {"type": "Feature", "properties": {"osm_id": "node/4425244495", "name": "Ministerio Evangelistico", "theme": "culture", "subtype": "place_of_worship", "lat": -33.4060572, "lon": -70.6433198, "distance_m": 1481, "ring": "<=2000 m"}, "geometry": {"type": "Point", "coordinates": [-70.6433198, -33.4060572]}}, {"type": "Feature", "properties": {"osm_id": "way/444980125", "name": "Templo Chile", "theme": "culture", "subtype": "place_of_worship", "lat": -33.4117887, "lon": -70.635563, "distance_m": 1527, "ring": "<=2000 m"}, "geometry": {"type": "Point", "coordinates": [-70.635563, -33.4117887]}}, {"type": "Feature", "properties": {"osm_id": "node/7254389282", "name": "Information", "theme": "culture", "subtype": "information", "lat": -33.4275158, "lon": -70.6378123, "distance_m": 1556, "ring": "<=2000 m"}, "geometry": {"type": "Point", "coordinates": [-70.6378123, -33.4275158]}}, {"type": "Feature", "properties": {"osm_id": "node/12377401699", "name": "Monumento al inmigrante árabe", "theme": "culture", "subtype": "memorial", "lat": -33.4320076, "lon": -70.6479159, "distance_m": 1563, "ring": "<=2000 m"}, "geometry": {"type": "Point", "coordinates": [-70.6479159, -33.4320076]}}, {"type": "Feature", "properties": {"osm_id": "node/12377401697", "name": "Alberto Hurtado", "theme": "culture", "subtype": "artwork", "lat": -33.432137, "lon": -70.6534394, "distance_m": 1592, "ring": "<=2000 m"}, "geometry": {"type": "Point", "coordinates": [-70.6534394, -33.432137]}}, {"type": "Feature", "properties": {"osm_id": "node/5262339001", "name": "Memorial", "theme": "culture", "subtype": "memorial", "lat": -33.4317269, "lon": -70.6557121, "distance_m": 1602, "ring": "<=2000 m"}, "geometry": {"type": "Point", "coordinates": [-70.6557121, -33.4317269]}}, {"type": "Feature", "properties": {"osm_id": "node/5262339000", "name": "Memorial", "theme": "culture", "subtype": "memorial", "lat": -33.4316064, "lon": -70.6563853, "distance_m": 1610, "ring": "<=2000 m"}, "geometry": {"type": "Point", "coordinates": [-70.6563853, -33.4316064]}}, {"type": "Feature", "properties": {"osm_id": "way/24964200", "name": "Centro Cultural Estación Mapocho", "theme": "culture", "subtype": "attraction", "lat": -33.4322341, "lon": -70.6545844, "distance_m": 1626, "ring": "<=2000 m"}, "geometry": {"type": "Point", "coordinates": [-70.6545844, -33.4322341]}}, {"type": "Feature", "properties": {"osm_id": "way/445080699", "name": "El Poder de Dios", "theme": "culture", "subtype": "place_of_worship", "lat": -33.4046995, "lon": -70.6429248, "distance_m": 1633, "ring": "<=2000 m"}, "geometry": {"type": "Point", "coordinates": [-70.6429248, -33.4046995]}}, {"type": "Feature", "properties": {"osm_id": "node/13567666899", "name": "Place Of Worship", "theme": "culture", "subtype": "place_of_worship", "lat": -33.4062498, "lon": -70.6606641, "distance_m": 1636, "ring": "<=2000 m"}, "geometry": {"type": "Point", "coordinates": [-70.6606641, -33.4062498]}}, {"type": "Feature", "properties": {"osm_id": "node/10943273386", "name": "Museo del Circo Nacional", "theme": "culture", "subtype": "museum", "lat": -33.4321095, "lon": -70.6559063, "distance_m": 1648, "ring": "<=2000 m"}, "geometry": {"type": "Point", "coordinates": [-70.6559063, -33.4321095]}}, {"type": "Feature", "properties": {"osm_id": "node/11124057482", "name": "Artwork", "theme": "culture", "subtype": "artwork", "lat": -33.432314, "lon": -70.6563055, "distance_m": 1682, "ring": "<=2000 m"}, "geometry": {"type": "Point", "coordinates": [-70.6563055, -33.432314]}}, {"type": "Feature", "properties": {"osm_id": "node/1276923294", "name": "Monumento a los Héroes de Iquique", "theme": "culture", "subtype": "monument", "lat": -33.433331, "lon": -70.6497415, "distance_m": 1696, "ring": "<=2000 m"}, "geometry": {"type": "Point", "coordinates": [-70.6497415, -33.433331]}}, {"type": "Feature", "properties": {"osm_id": "node/8515512206", "name": "Laura Vicuña", "theme": "culture", "subtype": "memorial", "lat": -33.4308582, "lon": -70.6601623, "distance_m": 1696, "ring": "<=2000 m"}, "geometry": {"type": "Point", "coordinates": [-70.6601623, -33.4308582]}}, {"type": "Feature", "properties": {"osm_id": "way/445080702", "name": "Iglesia Metodista Pentecostal", "theme": "culture", "subtype": "place_of_worship", "lat": -33.4039664, "lon": -70.64287, "distance_m": 1710, "ring": "<=2000 m"}, "geometry": {"type": "Point", "coordinates": [-70.64287, -33.4039664]}}, {"type": "Feature", "properties": {"osm_id": "node/7254389276", "name": "Viewpoint", "theme": "culture", "subtype": "viewpoint", "lat": -33.4287649, "lon": -70.6368923, "distance_m": 1713, "ring": "<=2000 m"}, "geometry": {"type": "Point", "coordinates": [-70.6368923, -33.4287649]}}, {"type": "Feature", "properties": {"osm_id": "way/291863254", "name": "Museo Astronómico Observatorio Manuel Foster", "theme": "culture", "subtype": "museum", "lat": -33.4220928, "lon": -70.6323191, "distance_m": 1717, "ring": "<=2000 m"}, "geometry": {"type": "Point", "coordinates": [-70.6323191, -33.4220928]}}, {"type": "Feature", "properties": {"osm_id": "way/447306762", "name": "Iglesia Emanuel", "theme": "culture", "subtype": "place_of_worship", "lat": -33.4304958, "lon": -70.6391711, "distance_m": 1718, "ring": "<=2000 m"}, "geometry": {"type": "Point", "coordinates": [-70.6391711, -33.4304958]}}, {"type": "Feature", "properties": {"osm_id": "node/5262671816", "name": "Tajamar del Mapocho", "theme": "culture", "subtype": "memorial", "lat": -33.4335646, "lon": -70.6486297, "distance_m": 1728, "ring": "<=2000 m"}, "geometry": {"type": "Point", "coordinates": [-70.6486297, -33.4335646]}}, {"type": "Feature", "properties": {"osm_id": "node/12825024913", "name": "Mural Entreabierto", "theme": "culture", "subtype": "artwork", "lat": -33.4330351, "lon": -70.655323, "distance_m": 1730, "ring": "<=2000 m"}, "geometry": {"type": "Point", "coordinates": [-70.655323, -33.4330351]}}, {"type": "Feature", "properties": {"osm_id": "node/8356405114", "name": "Casa de las Arañas", "theme": "culture", "subtype": "attraction", "lat": -33.4232667, "lon": -70.6325964, "distance_m": 1731, "ring": "<=2000 m"}, "geometry": {"type": "Point", "coordinates": [-70.6325964, -33.4232667]}}, {"type": "Feature", "properties": {"osm_id": "node/11225853750", "name": "Cerro San Cristóbal", "theme": "culture", "subtype": "memorial", "lat": -33.4259976, "lon": -70.6340147, "distance_m": 1740, "ring": "<=2000 m"}, "geometry": {"type": "Point", "coordinates": [-70.6340147, -33.4259976]}}, {"type": "Feature", "properties": {"osm_id": "node/5526602221", "name": "Terraza Bellavista", "theme": "culture", "subtype": "viewpoint", "lat": -33.426179, "lon": -70.6341053, "distance_m": 1743, "ring": "<=2000 m"}, "geometry": {"type": "Point", "coordinates": [-70.6341053, -33.426179]}}, {"type": "Feature", "properties": {"osm_id": "node/6810111576", "name": "Terraza de Baile", "theme": "culture", "subtype": "memorial", "lat": -33.4229472, "lon": -70.6322753, "distance_m": 1748, "ring": "<=2000 m"}, "geometry": {"type": "Point", "coordinates": [-70.6322753, -33.4229472]}}, {"type": "Feature", "properties": {"osm_id": "node/6946305154", "name": "San Juan Pablo II", "theme": "culture", "subtype": "memorial", "lat": -33.4257183, "lon": -70.6337156, "distance_m": 1749, "ring": "<=2000 m"}, "geometry": {"type": "Point", "coordinates": [-70.6337156, -33.4257183]}}, {"type": "Feature", "properties": {"osm_id": "node/12269758277", "name": "Parque Lautaro", "theme": "culture", "subtype": "memorial", "lat": -33.4236073, "lon": -70.6325218, "distance_m": 1751, "ring": "<=2000 m"}, "geometry": {"type": "Point", "coordinates": [-70.6325218, -33.4236073]}}, {"type": "Feature", "properties": {"osm_id": "node/8356405116", "name": "Terraza Ex Casino Cumbre", "theme": "culture", "subtype": "viewpoint", "lat": -33.4230279, "lon": -70.6322299, "distance_m": 1755, "ring": "<=2000 m"}, "geometry": {"type": "Point", "coordinates": [-70.6322299, -33.4230279]}}, {"type": "Feature", "properties": {"osm_id": "node/12313446890", "name": "Viewpoint", "theme": "culture", "subtype": "viewpoint", "lat": -33.4252811, "lon": -70.6332401, "distance_m": 1765, "ring": "<=2000 m"}, "geometry": {"type": "Point", "coordinates": [-70.6332401, -33.4252811]}}, {"type": "Feature", "properties": {"osm_id": "node/8649393601", "name": "Viewpoint", "theme": "culture", "subtype": "viewpoint", "lat": -33.4244132, "lon": -70.6327058, "distance_m": 1769, "ring": "<=2000 m"}, "geometry": {"type": "Point", "coordinates": [-70.6327058, -33.4244132]}}, {"type": "Feature", "properties": {"osm_id": "node/573722474", "name": "Virgen de la Inmaculada Concepción", "theme": "culture", "subtype": "memorial", "lat": -33.425286, "lon": -70.633162, "distance_m": 1772, "ring": "<=2000 m"}, "geometry": {"type": "Point", "coordinates": [-70.633162, -33.425286]}}, {"type": "Feature", "properties": {"osm_id": "way/1330806606", "name": "Virgen de la Inmaculada Concepción", "theme": "culture", "subtype": "attraction", "lat": -33.4253002, "lon": -70.6331651, "distance_m": 1772, "ring": "<=2000 m"}, "geometry": {"type": "Point", "coordinates": [-70.6331651, -33.4253002]}}, {"type": "Feature", "properties": {"osm_id": "node/1871684529", "name": "La Tola", "theme": "culture", "subtype": "theatre", "lat": -33.431673, "lon": -70.6400015, "distance_m": 1783, "ring": "<=2000 m"}, "geometry": {"type": "Point", "coordinates": [-70.6400015, -33.431673]}}, {"type": "Feature", "properties": {"osm_id": "node/12825024912", "name": "Memorial", "theme": "culture", "subtype": "memorial", "lat": -33.4332929, "lon": -70.6562702, "distance_m": 1783, "ring": "<=2000 m"}, "geometry": {"type": "Point", "coordinates": [-70.6562702, -33.4332929]}}, {"type": "Feature", "properties": {"osm_id": "node/8649393352", "name": "Campus Eucarístico del Santuario", "theme": "culture", "subtype": "theatre", "lat": -33.4257692, "lon": -70.6333117, "distance_m": 1784, "ring": "<=2000 m"}, "geometry": {"type": "Point", "coordinates": [-70.6333117, -33.4257692]}}, {"type": "Feature", "properties": {"osm_id": "node/12313446883", "name": "Memorial", "theme": "culture", "subtype": "memorial", "lat": -33.4253481, "lon": -70.6330171, "distance_m": 1787, "ring": "<=2000 m"}, "geometry": {"type": "Point", "coordinates": [-70.6330171, -33.4253481]}}, {"type": "Feature", "properties": {"osm_id": "node/8530186791", "name": "La Caída", "theme": "culture", "subtype": "artwork", "lat": -33.4261379, "lon": -70.6334721, "distance_m": 1791, "ring": "<=2000 m"}, "geometry": {"type": "Point", "coordinates": [-70.6334721, -33.4261379]}}, {"type": "Feature", "properties": {"osm_id": "way/1181922761", "name": "Centro de Artes El Cerro", "theme": "culture", "subtype": "arts_centre", "lat": -33.4314077, "lon": -70.6392825, "distance_m": 1794, "ring": "<=2000 m"}, "geometry": {"type": "Point", "coordinates": [-70.6392825, -33.4314077]}}, {"type": "Feature", "properties": {"osm_id": "node/5262662688", "name": "Manuel Magallanes Moure", "theme": "culture", "subtype": "artwork", "lat": -33.434066, "lon": -70.6472985, "distance_m": 1798, "ring": "<=2000 m"}, "geometry": {"type": "Point", "coordinates": [-70.6472985, -33.434066]}}, {"type": "Feature", "properties": {"osm_id": "node/8530186743", "name": "Information", "theme": "culture", "subtype": "information", "lat": -33.4265218, "lon": -70.6336242, "distance_m": 1801, "ring": "<=2000 m"}, "geometry": {"type": "Point", "coordinates": [-70.6336242, -33.4265218]}}, {"type": "Feature", "properties": {"osm_id": "node/12968817836", "name": "San José", "theme": "culture", "subtype": "artwork", "lat": -33.425472, "lon": -70.6329145, "distance_m": 1801, "ring": "<=2000 m"}, "geometry": {"type": "Point", "coordinates": [-70.6329145, -33.425472]}}, {"type": "Feature", "properties": {"osm_id": "way/1189920363", "name": "Iglesia de Nuestra Señora del Rosario", "theme": "culture", "subtype": "place_of_worship", "lat": -33.4249644, "lon": -70.6677484, "distance_m": 1801, "ring": "<=2000 m"}, "geometry": {"type": "Point", "coordinates": [-70.6677484, -33.4249644]}}, {"type": "Feature", "properties": {"osm_id": "node/12313446862", "name": "Santuario Inmaculada Concepción", "theme": "culture", "subtype": "museum", "lat": -33.4260837, "lon": -70.633299, "distance_m": 1802, "ring": "<=2000 m"}, "geometry": {"type": "Point", "coordinates": [-70.633299, -33.4260837]}}, {"type": "Feature", "properties": {"osm_id": "node/12313446889", "name": "Placa conmemorativa Plaza Vasca", "theme": "culture", "subtype": "memorial", "lat": -33.4255879, "lon": -70.6329642, "distance_m": 1803, "ring": "<=2000 m"}, "geometry": {"type": "Point", "coordinates": [-70.6329642, -33.4255879]}}, {"type": "Feature", "properties": {"osm_id": "node/6810301414", "name": "Santa Teresa de Los Andes", "theme": "culture", "subtype": "artwork", "lat": -33.4256263, "lon": -70.6329447, "distance_m": 1807, "ring": "<=2000 m"}, "geometry": {"type": "Point", "coordinates": [-70.6329447, -33.4256263]}}, {"type": "Feature", "properties": {"osm_id": "node/6810301413", "name": "San Alberto Hurtado", "theme": "culture", "subtype": "artwork", "lat": -33.4256558, "lon": -70.6329047, "distance_m": 1812, "ring": "<=2000 m"}, "geometry": {"type": "Point", "coordinates": [-70.6329047, -33.4256558]}}, {"type": "Feature", "properties": {"osm_id": "node/8356435942", "name": "Centro de Visitantes Bosque Cumbre", "theme": "culture", "subtype": "information", "lat": -33.4238948, "lon": -70.631949, "distance_m": 1812, "ring": "<=2000 m"}, "geometry": {"type": "Point", "coordinates": [-70.631949, -33.4238948]}}, {"type": "Feature", "properties": {"osm_id": "node/8530186797", "name": "Laura Vicuña", "theme": "culture", "subtype": "artwork", "lat": -33.4261317, "lon": -70.6332146, "distance_m": 1812, "ring": "<=2000 m"}, "geometry": {"type": "Point", "coordinates": [-70.6332146, -33.4261317]}}, {"type": "Feature", "properties": {"osm_id": "node/12313446863", "name": "Information", "theme": "culture", "subtype": "information", "lat": -33.425983, "lon": -70.6331081, "distance_m": 1812, "ring": "<=2000 m"}, "geometry": {"type": "Point", "coordinates": [-70.6331081, -33.425983]}}, {"type": "Feature", "properties": {"osm_id": "node/12313446891", "name": "Information", "theme": "culture", "subtype": "information", "lat": -33.4262316, "lon": -70.6332755, "distance_m": 1812, "ring": "<=2000 m"}, "geometry": {"type": "Point", "coordinates": [-70.6332755, -33.4262316]}}, {"type": "Feature", "properties": {"osm_id": "way/210926507", "name": "Iglesia Maternidad Divina de María", "theme": "culture", "subtype": "place_of_worship", "lat": -33.4255309, "lon": -70.6328282, "distance_m": 1812, "ring": "<=2000 m"}, "geometry": {"type": "Point", "coordinates": [-70.6328282, -33.4255309]}}, {"type": "Feature", "properties": {"osm_id": "node/8530186843", "name": "Information", "theme": "culture", "subtype": "information", "lat": -33.4265044, "lon": -70.6333131, "distance_m": 1825, "ring": "<=2000 m"}, "geometry": {"type": "Point", "coordinates": [-70.6333131, -33.4265044]}}, {"type": "Feature", "properties": {"osm_id": "way/918464031", "name": "ParqueMet", "theme": "culture", "subtype": "information", "lat": -33.4264363, "lon": -70.6332299, "distance_m": 1828, "ring": "<=2000 m"}, "geometry": {"type": "Point", "coordinates": [-70.6332299, -33.4264363]}}, {"type": "Feature", "properties": {"osm_id": "node/8350152197", "name": "Information", "theme": "culture", "subtype": "information", "lat": -33.4074085, "lon": -70.6651807, "distance_m": 1829, "ring": "<=2000 m"}, "geometry": {"type": "Point", "coordinates": [-70.6651807, -33.4074085]}}, {"type": "Feature", "properties": {"osm_id": "node/8356405034", "name": "STGO", "theme": "culture", "subtype": "artwork", "lat": -33.4250145, "lon": -70.6322649, "distance_m": 1833, "ring": "<=2000 m"}, "geometry": {"type": "Point", "coordinates": [-70.6322649, -33.4250145]}}, {"type": "Feature", "properties": {"osm_id": "way/1150782098", "name": "Centro Patrimonial Posada del Corregidor", "theme": "culture", "subtype": "gallery", "lat": -33.4345013, "lon": -70.6481299, "distance_m": 1836, "ring": "<=2000 m"}, "geometry": {"type": "Point", "coordinates": [-70.6481299, -33.4345013]}}, {"type": "Feature", "properties": {"osm_id": "node/8441915713", "name": "Parquemet", "theme": "culture", "subtype": "artwork", "lat": -33.4297591, "lon": -70.6359788, "distance_m": 1851, "ring": "<=2000 m"}, "geometry": {"type": "Point", "coordinates": [-70.6359788, -33.4297591]}}, {"type": "Feature", "properties": {"osm_id": "node/2956546054", "name": "Mirador Santiago de Chile", "theme": "culture", "subtype": "viewpoint", "lat": -33.4264901, "lon": -70.6329559, "distance_m": 1852, "ring": "<=2000 m"}, "geometry": {"type": "Point", "coordinates": [-70.6329559, -33.4264901]}}, {"type": "Feature", "properties": {"osm_id": "node/8623607764", "name": "Information", "theme": "culture", "subtype": "information", "lat": -33.4290087, "lon": -70.635091, "distance_m": 1855, "ring": "<=2000 m"}, "geometry": {"type": "Point", "coordinates": [-70.635091, -33.4290087]}}, {"type": "Feature", "properties": {"osm_id": "node/6379145569", "name": "Chabuca Granda", "theme": "culture", "subtype": "artwork", "lat": -33.4025574, "lon": -70.6427942, "distance_m": 1857, "ring": "<=2000 m"}, "geometry": {"type": "Point", "coordinates": [-70.6427942, -33.4025574]}}, {"type": "Feature", "properties": {"osm_id": "node/13722450706", "name": "Information", "theme": "culture", "subtype": "information", "lat": -33.4224472, "lon": -70.6308116, "distance_m": 1863, "ring": "<=2000 m"}, "geometry": {"type": "Point", "coordinates": [-70.6308116, -33.4224472]}}, {"type": "Feature", "properties": {"osm_id": "node/10696045384", "name": "Sector Antú", "theme": "culture", "subtype": "viewpoint", "lat": -33.4143187, "lon": -70.6305467, "distance_m": 1870, "ring": "<=2000 m"}, "geometry": {"type": "Point", "coordinates": [-70.6305467, -33.4143187]}}, {"type": "Feature", "properties": {"osm_id": "node/12623321417", "name": "Viewpoint", "theme": "culture", "subtype": "viewpoint", "lat": -33.422619, "lon": -70.6307632, "distance_m": 1872, "ring": "<=2000 m"}, "geometry": {"type": "Point", "coordinates": [-70.6307632, -33.422619]}}, {"type": "Feature", "properties": {"osm_id": "node/8921304215", "name": "Information", "theme": "culture", "subtype": "information", "lat": -33.4290871, "lon": -70.6348132, "distance_m": 1880, "ring": "<=2000 m"}, "geometry": {"type": "Point", "coordinates": [-70.6348132, -33.4290871]}}, {"type": "Feature", "properties": {"osm_id": "node/10731920448", "name": "Memorial", "theme": "culture", "subtype": "memorial", "lat": -33.4299351, "lon": -70.664714, "distance_m": 1886, "ring": "<=2000 m"}, "geometry": {"type": "Point", "coordinates": [-70.664714, -33.4299351]}}, {"type": "Feature", "properties": {"osm_id": "node/8921304203", "name": "Information", "theme": "culture", "subtype": "information", "lat": -33.4294531, "lon": -70.6350586, "distance_m": 1890, "ring": "<=2000 m"}, "geometry": {"type": "Point", "coordinates": [-70.6350586, -33.4294531]}}, {"type": "Feature", "properties": {"osm_id": "node/10731920424", "name": "Artwork", "theme": "culture", "subtype": "artwork", "lat": -33.4299241, "lon": -70.6648542, "distance_m": 1894, "ring": "<=2000 m"}, "geometry": {"type": "Point", "coordinates": [-70.6648542, -33.4299241]}}, {"type": "Feature", "properties": {"osm_id": "node/10731920427", "name": "Artwork", "theme": "culture", "subtype": "artwork", "lat": -33.4298708, "lon": -70.6649616, "distance_m": 1897, "ring": "<=2000 m"}, "geometry": {"type": "Point", "coordinates": [-70.6649616, -33.4298708]}}, {"type": "Feature", "properties": {"osm_id": "node/6325117939", "name": "Oficina de Información", "theme": "culture", "subtype": "information", "lat": -33.4304878, "lon": -70.6360549, "distance_m": 1904, "ring": "<=2000 m"}, "geometry": {"type": "Point", "coordinates": [-70.6360549, -33.4304878]}}, {"type": "Feature", "properties": {"osm_id": "node/13767187878", "name": "Galería Histórica del Regimiento Buin", "theme": "culture", "subtype": "museum", "lat": -33.4073852, "lon": -70.6341338, "distance_m": 1906, "ring": "<=2000 m"}, "geometry": {"type": "Point", "coordinates": [-70.6341338, -33.4073852]}}, {"type": "Feature", "properties": {"osm_id": "node/7254389272", "name": "Information", "theme": "culture", "subtype": "information", "lat": -33.4305546, "lon": -70.6360179, "distance_m": 1911, "ring": "<=2000 m"}, "geometry": {"type": "Point", "coordinates": [-70.6360179, -33.4305546]}}, {"type": "Feature", "properties": {"osm_id": "node/7254389273", "name": "Viewpoint", "theme": "culture", "subtype": "viewpoint", "lat": -33.4300151, "lon": -70.6352964, "distance_m": 1916, "ring": "<=2000 m"}, "geometry": {"type": "Point", "coordinates": [-70.6352964, -33.4300151]}}, {"type": "Feature", "properties": {"osm_id": "node/13767187875", "name": "Al Soldado de Infantería", "theme": "culture", "subtype": "memorial", "lat": -33.40763, "lon": -70.6337788, "distance_m": 1916, "ring": "<=2000 m"}, "geometry": {"type": "Point", "coordinates": [-70.6337788, -33.40763]}}, {"type": "Feature", "properties": {"osm_id": "node/8600202215", "name": "Information", "theme": "culture", "subtype": "information", "lat": -33.4307268, "lon": -70.6361521, "distance_m": 1917, "ring": "<=2000 m"}, "geometry": {"type": "Point", "coordinates": [-70.6361521, -33.4307268]}}, {"type": "Feature", "properties": {"osm_id": "node/13767187877", "name": "Capitán General Bernardo O'Higgins", "theme": "culture", "subtype": "artwork", "lat": -33.407671, "lon": -70.633643, "distance_m": 1923, "ring": "<=2000 m"}, "geometry": {"type": "Point", "coordinates": [-70.633643, -33.407671]}}, {"type": "Feature", "properties": {"osm_id": "way/680809014", "name": "Corporación Cultural de Recoleta", "theme": "culture", "subtype": "library", "lat": -33.4023023, "lon": -70.6416186, "distance_m": 1926, "ring": "<=2000 m"}, "geometry": {"type": "Point", "coordinates": [-70.6416186, -33.4023023]}}, {"type": "Feature", "properties": {"osm_id": "way/256575707", "name": "Iglesia de San Pedro", "theme": "culture", "subtype": "place_of_worship", "lat": -33.4352821, "lon": -70.6476631, "distance_m": 1927, "ring": "<=2000 m"}, "geometry": {"type": "Point", "coordinates": [-70.6476631, -33.4352821]}}, {"type": "Feature", "properties": {"osm_id": "node/11453500505", "name": "Johann Sebastian Bach", "theme": "culture", "subtype": "artwork", "lat": -33.4349186, "lon": -70.645175, "distance_m": 1929, "ring": "<=2000 m"}, "geometry": {"type": "Point", "coordinates": [-70.645175, -33.4349186]}}, {"type": "Feature", "properties": {"osm_id": "node/5646487645", "name": "Caballo de Botero", "theme": "culture", "subtype": "artwork", "lat": -33.4348973, "lon": -70.6448328, "distance_m": 1935, "ring": "<=2000 m"}, "geometry": {"type": "Point", "coordinates": [-70.6448328, -33.4348973]}}, {"type": "Feature", "properties": {"osm_id": "way/446158661", "name": "Parroquia Nuestra Señora de Fátima", "theme": "culture", "subtype": "place_of_worship", "lat": -33.4040782, "lon": -70.6626203, "distance_m": 1938, "ring": "<=2000 m"}, "geometry": {"type": "Point", "coordinates": [-70.6626203, -33.4040782]}}, {"type": "Feature", "properties": {"osm_id": "way/448352772", "name": "Capilla de Animas", "theme": "culture", "subtype": "place_of_worship", "lat": -33.4348965, "lon": -70.65567, "distance_m": 1938, "ring": "<=2000 m"}, "geometry": {"type": "Point", "coordinates": [-70.65567, -33.4348965]}}, {"type": "Feature", "properties": {"osm_id": "way/680946096", "name": "Iglesia de Quinta Bella", "theme": "culture", "subtype": "place_of_worship", "lat": -33.4021186, "lon": -70.6418065, "distance_m": 1938, "ring": "<=2000 m"}, "geometry": {"type": "Point", "coordinates": [-70.6418065, -33.4021186]}}, {"type": "Feature", "properties": {"osm_id": "node/13767187872", "name": "Coronel Juan de Dios Vial Santelices", "theme": "culture", "subtype": "artwork", "lat": -33.4074748, "lon": -70.633604, "distance_m": 1939, "ring": "<=2000 m"}, "geometry": {"type": "Point", "coordinates": [-70.633604, -33.4074748]}}, {"type": "Feature", "properties": {"osm_id": "node/8921297196", "name": "Information", "theme": "culture", "subtype": "information", "lat": -33.4293986, "lon": -70.6341802, "distance_m": 1947, "ring": "<=2000 m"}, "geometry": {"type": "Point", "coordinates": [-70.6341802, -33.4293986]}}, {"type": "Feature", "properties": {"osm_id": "node/13722450541", "name": "Ruta Nativa", "theme": "culture", "subtype": "memorial", "lat": -33.4297197, "lon": -70.6345076, "distance_m": 1947, "ring": "<=2000 m"}, "geometry": {"type": "Point", "coordinates": [-70.6345076, -33.4297197]}}, {"type": "Feature", "properties": {"osm_id": "way/163737287", "name": "Iglesia de Santo Domingo", "theme": "culture", "subtype": "place_of_worship", "lat": -33.4356279, "lon": -70.65034, "distance_m": 1951, "ring": "<=2000 m"}, "geometry": {"type": "Point", "coordinates": [-70.65034, -33.4356279]}}, {"type": "Feature", "properties": {"osm_id": "node/13168185431", "name": "Iglesia Anglicana Santiago Apóstol", "theme": "culture", "subtype": "place_of_worship", "lat": -33.4354589, "lon": -70.6465728, "distance_m": 1961, "ring": "<=2000 m"}, "geometry": {"type": "Point", "coordinates": [-70.6465728, -33.4354589]}}, {"type": "Feature", "properties": {"osm_id": "node/8197637769", "name": "Museo de Arte Contemporáneo", "theme": "culture", "subtype": "gallery", "lat": -33.4351126, "lon": -70.6444844, "distance_m": 1966, "ring": "<=2000 m"}, "geometry": {"type": "Point", "coordinates": [-70.6444844, -33.4351126]}}, {"type": "Feature", "properties": {"osm_id": "way/731743449", "name": "Primera Iglesia Presbiteriana de Santiago", "theme": "culture", "subtype": "place_of_worship", "lat": -33.4355065, "lon": -70.646558, "distance_m": 1967, "ring": "<=2000 m"}, "geometry": {"type": "Point", "coordinates": [-70.646558, -33.4355065]}}, {"type": "Feature", "properties": {"osm_id": "node/6938709598", "name": "Mirador La Palma", "theme": "culture", "subtype": "viewpoint", "lat": -33.4181197, "lon": -70.628975, "distance_m": 1969, "ring": "<=2000 m"}, "geometry": {"type": "Point", "coordinates": [-70.628975, -33.4181197]}}, {"type": "Feature", "properties": {"osm_id": "relation/14902635", "name": "Casa de Velasco", "theme": "culture", "subtype": "museum", "lat": -33.4356097, "lon": -70.6471742, "distance_m": 1969, "ring": "<=2000 m"}, "geometry": {"type": "Point", "coordinates": [-70.6471742, -33.4356097]}}, {"type": "Feature", "properties": {"osm_id": "node/11668963388", "name": "Information", "theme": "culture", "subtype": "information", "lat": -33.4181697, "lon": -70.6289441, "distance_m": 1972, "ring": "<=2000 m"}, "geometry": {"type": "Point", "coordinates": [-70.6289441, -33.4181697]}}, {"type": "Feature", "properties": {"osm_id": "way/680811682", "name": "Biblioteca Municipal Pedro Lemebel", "theme": "culture", "subtype": "library", "lat": -33.4018681, "lon": -70.6415679, "distance_m": 1972, "ring": "<=2000 m"}, "geometry": {"type": "Point", "coordinates": [-70.6415679, -33.4018681]}}, {"type": "Feature", "properties": {"osm_id": "node/11668904942", "name": "Information", "theme": "culture", "subtype": "information", "lat": -33.4181043, "lon": -70.628915, "distance_m": 1974, "ring": "<=2000 m"}, "geometry": {"type": "Point", "coordinates": [-70.628915, -33.4181043]}}, {"type": "Feature", "properties": {"osm_id": "way/395875195", "name": "Parroquia Cristo Crucificado", "theme": "culture", "subtype": "place_of_worship", "lat": -33.4186399, "lon": -70.6715013, "distance_m": 1979, "ring": "<=2000 m"}, "geometry": {"type": "Point", "coordinates": [-70.6715013, -33.4186399]}}, {"type": "Feature", "properties": {"osm_id": "node/10925461824", "name": "Library", "theme": "culture", "subtype": "library", "lat": -33.4351084, "lon": -70.6435259, "distance_m": 1992, "ring": "<=2000 m"}, "geometry": {"type": "Point", "coordinates": [-70.6435259, -33.4351084]}}, {"type": "Feature", "properties": {"osm_id": "way/447712460", "name": "Iglesia Asamblea de Dios Coreana en Chile", "theme": "culture", "subtype": "place_of_worship", "lat": -33.4331739, "lon": -70.6384652, "distance_m": 2000, "ring": "<=2000 m"}, "geometry": {"type": "Point", "coordinates": [-70.6384652, -33.4331739]}}, {"type": "Feature", "properties": {"osm_id": "node/8921304139", "name": "Anfiteatro Zoo", "theme": "culture", "subtype": "theatre", "lat": -33.4302681, "lon": -70.6343132, "distance_m": 2002, "ring": "<=5000 m"}, "geometry": {"type": "Point", "coordinates": [-70.6343132, -33.4302681]}}, {"type": "Feature", "properties": {"osm_id": "node/10994007292", "name": "Monumento al Bombero Voluntario", "theme": "culture", "subtype": "artwork", "lat": -33.4355222, "lon": -70.6446624, "distance_m": 2006, "ring": "<=5000 m"}, "geometry": {"type": "Point", "coordinates": [-70.6446624, -33.4355222]}}, {"type": "Feature", "properties": {"osm_id": "node/13767187880", "name": "General Manuel García Banqueda", "theme": "culture", "subtype": "artwork", "lat": -33.4070276, "lon": -70.6331049, "distance_m": 2006, "ring": "<=5000 m"}, "geometry": {"type": "Point", "coordinates": [-70.6331049, -33.4070276]}}, {"type": "Feature", "properties": {"osm_id": "node/13767187873", "name": "El Regimiento Buin a sus Heroes", "theme": "culture", "subtype": "memorial", "lat": -33.4069965, "lon": -70.6330179, "distance_m": 2014, "ring": "<=5000 m"}, "geometry": {"type": "Point", "coordinates": [-70.6330179, -33.4069965]}}, {"type": "Feature", "properties": {"osm_id": "node/13767187874", "name": "Coronel José Luis Araneda Carrasco", "theme": "culture", "subtype": "artwork", "lat": -33.4070577, "lon": -70.6329623, "distance_m": 2014, "ring": "<=5000 m"}, "geometry": {"type": "Point", "coordinates": [-70.6329623, -33.4070577]}}, {"type": "Feature", "properties": {"osm_id": "node/10925461823", "name": "Museo Nacional de Bellas Artes", "theme": "culture", "subtype": "museum", "lat": -33.4353501, "lon": -70.6434401, "distance_m": 2020, "ring": "<=5000 m"}, "geometry": {"type": "Point", "coordinates": [-70.6434401, -33.4353501]}}, {"type": "Feature", "properties": {"osm_id": "node/8921297211", "name": "Information", "theme": "culture", "subtype": "information", "lat": -33.42974, "lon": -70.6334748, "distance_m": 2021, "ring": "<=5000 m"}, "geometry": {"type": "Point", "coordinates": [-70.6334748, -33.42974]}}, {"type": "Feature", "properties": {"osm_id": "node/5604506491", "name": "Museo de Bomberos de Santiago (MUBO)", "theme": "culture", "subtype": "museum", "lat": -33.4362529, "lon": -70.6509728, "distance_m": 2022, "ring": "<=5000 m"}, "geometry": {"type": "Point", "coordinates": [-70.6509728, -33.4362529]}}, {"type": "Feature", "properties": {"osm_id": "node/4573839393", "name": "Tours 4 tips", "theme": "culture", "subtype": "attraction", "lat": -33.4353316, "lon": -70.6432408, "distance_m": 2024, "ring": "<=5000 m"}, "geometry": {"type": "Point", "coordinates": [-70.6432408, -33.4353316]}}, {"type": "Feature", "properties": {"osm_id": "node/11992918663", "name": "Sala Gasco", "theme": "culture", "subtype": "gallery", "lat": -33.4361956, "lon": -70.6522891, "distance_m": 2024, "ring": "<=5000 m"}, "geometry": {"type": "Point", "coordinates": [-70.6522891, -33.4361956]}}, {"type": "Feature", "properties": {"osm_id": "node/1279526453", "name": "Lospleimovil", "theme": "culture", "subtype": "theatre", "lat": -33.4333592, "lon": -70.6382937, "distance_m": 2026, "ring": "<=5000 m"}, "geometry": {"type": "Point", "coordinates": [-70.6382937, -33.4333592]}}, {"type": "Feature", "properties": {"osm_id": "node/6849067488", "name": "Unidos en la Gloria y en la Muerte", "theme": "culture", "subtype": "artwork", "lat": -33.4354059, "lon": -70.6432338, "distance_m": 2032, "ring": "<=5000 m"}, "geometry": {"type": "Point", "coordinates": [-70.6432338, -33.4354059]}}, {"type": "Feature", "properties": {"osm_id": "node/8921304144", "name": "Information", "theme": "culture", "subtype": "information", "lat": -33.4304507, "lon": -70.6340756, "distance_m": 2032, "ring": "<=5000 m"}, "geometry": {"type": "Point", "coordinates": [-70.6340756, -33.4304507]}}, {"type": "Feature", "properties": {"osm_id": "node/8515513910", "name": "Santa Teresita de los Andes", "theme": "culture", "subtype": "memorial", "lat": -33.428951, "lon": -70.6678006, "distance_m": 2033, "ring": "<=5000 m"}, "geometry": {"type": "Point", "coordinates": [-70.6678006, -33.428951]}}, {"type": "Feature", "properties": {"osm_id": "way/681002860", "name": "Escenario", "theme": "culture", "subtype": "theatre", "lat": -33.4026656, "lon": -70.638336, "distance_m": 2037, "ring": "<=5000 m"}, "geometry": {"type": "Point", "coordinates": [-70.638336, -33.4026656]}}, {"type": "Feature", "properties": {"osm_id": "node/8623607765", "name": "Information", "theme": "culture", "subtype": "information", "lat": -33.4304296, "lon": -70.6339643, "distance_m": 2038, "ring": "<=5000 m"}, "geometry": {"type": "Point", "coordinates": [-70.6339643, -33.4304296]}}, {"type": "Feature", "properties": {"osm_id": "node/13722450519", "name": "Information", "theme": "culture", "subtype": "information", "lat": -33.4306429, "lon": -70.6341244, "distance_m": 2043, "ring": "<=5000 m"}, "geometry": {"type": "Point", "coordinates": [-70.6341244, -33.4306429]}}, {"type": "Feature", "properties": {"osm_id": "node/5110173021", "name": "Sidarte", "theme": "culture", "subtype": "theatre", "lat": -33.4328772, "lon": -70.6371068, "distance_m": 2045, "ring": "<=5000 m"}, "geometry": {"type": "Point", "coordinates": [-70.6371068, -33.4328772]}}, {"type": "Feature", "properties": {"osm_id": "node/11992918662", "name": "Espacio Creativo VETA", "theme": "culture", "subtype": "gallery", "lat": -33.43641, "lon": -70.6522735, "distance_m": 2047, "ring": "<=5000 m"}, "geometry": {"type": "Point", "coordinates": [-70.6522735, -33.43641]}}, {"type": "Feature", "properties": {"osm_id": "node/13722450380", "name": "Cóndor Andino", "theme": "culture", "subtype": "artwork", "lat": -33.4297232, "lon": -70.6330985, "distance_m": 2047, "ring": "<=5000 m"}, "geometry": {"type": "Point", "coordinates": [-70.6330985, -33.4297232]}}, {"type": "Feature", "properties": {"osm_id": "way/605509464", "name": "Monumento a la Gloria", "theme": "culture", "subtype": "monument", "lat": -33.4354948, "lon": -70.6428147, "distance_m": 2054, "ring": "<=5000 m"}, "geometry": {"type": "Point", "coordinates": [-70.6428147, -33.4354948]}}, {"type": "Feature", "properties": {"osm_id": "way/153469474", "name": "Parroquia San Alberto de Sicilia", "theme": "culture", "subtype": "place_of_worship", "lat": -33.4004997, "lon": -70.6433276, "distance_m": 2056, "ring": "<=5000 m"}, "geometry": {"type": "Point", "coordinates": [-70.6433276, -33.4004997]}}, {"type": "Feature", "properties": {"osm_id": "node/6849201036", "name": "General Bartolomé Mitre", "theme": "culture", "subtype": "artwork", "lat": -33.4352551, "lon": -70.6416235, "distance_m": 2069, "ring": "<=5000 m"}, "geometry": {"type": "Point", "coordinates": [-70.6416235, -33.4352551]}}, {"type": "Feature", "properties": {"osm_id": "node/8111915042", "name": "Francisco Javier Contreras", "theme": "culture", "subtype": "memorial", "lat": -33.434743, "lon": -70.6601357, "distance_m": 2070, "ring": "<=5000 m"}, "geometry": {"type": "Point", "coordinates": [-70.6601357, -33.434743]}}, {"type": "Feature", "properties": {"osm_id": "node/11005206260", "name": "Biblioteca de Salud Dr. Bogoslav Juricic Turina", "theme": "culture", "subtype": "library", "lat": -33.4366231, "lon": -70.6470985, "distance_m": 2082, "ring": "<=5000 m"}, "geometry": {"type": "Point", "coordinates": [-70.6470985, -33.4366231]}}, {"type": "Feature", "properties": {"osm_id": "node/9356639148", "name": "Estravagario", "theme": "culture", "subtype": "arts_centre", "lat": -33.4311299, "lon": -70.6340217, "distance_m": 2087, "ring": "<=5000 m"}, "geometry": {"type": "Point", "coordinates": [-70.6340217, -33.4311299]}}, {"type": "Feature", "properties": {"osm_id": "node/1214175916", "name": "Casa Museo La Chascona", "theme": "culture", "subtype": "museum", "lat": -33.4312595, "lon": -70.634155, "distance_m": 2088, "ring": "<=5000 m"}, "geometry": {"type": "Point", "coordinates": [-70.634155, -33.4312595]}}, {"type": "Feature", "properties": {"osm_id": "node/9356639149", "name": "Plaza del Poeta", "theme": "culture", "subtype": "artwork", "lat": -33.4314118, "lon": -70.6342028, "distance_m": 2097, "ring": "<=5000 m"}, "geometry": {"type": "Point", "coordinates": [-70.6342028, -33.4314118]}}, {"type": "Feature", "properties": {"osm_id": "node/7243610985", "name": "Guarida", "theme": "culture", "subtype": "artwork", "lat": -33.4363657, "lon": -70.6442607, "distance_m": 2106, "ring": "<=5000 m"}, "geometry": {"type": "Point", "coordinates": [-70.6442607, -33.4363657]}}, {"type": "Feature", "properties": {"osm_id": "node/384932781", "name": "Teatro Teletón", "theme": "culture", "subtype": "theatre", "lat": -33.4356037, "lon": -70.6590097, "distance_m": 2114, "ring": "<=5000 m"}, "geometry": {"type": "Point", "coordinates": [-70.6590097, -33.4356037]}}, {"type": "Feature", "properties": {"osm_id": "node/11842028828", "name": "Teatro Mori", "theme": "culture", "subtype": "theatre", "lat": -33.4344231, "lon": -70.6385355, "distance_m": 2115, "ring": "<=5000 m"}, "geometry": {"type": "Point", "coordinates": [-70.6385355, -33.4344231]}}, {"type": "Feature", "properties": {"osm_id": "node/5054786228", "name": "Guarida", "theme": "culture", "subtype": "artwork", "lat": -33.4364388, "lon": -70.6441479, "distance_m": 2117, "ring": "<=5000 m"}, "geometry": {"type": "Point", "coordinates": [-70.6441479, -33.4364388]}}, {"type": "Feature", "properties": {"osm_id": "node/10963945038", "name": "Museo Histórico Nacional", "theme": "culture", "subtype": "museum", "lat": -33.4371206, "lon": -70.6506217, "distance_m": 2118, "ring": "<=5000 m"}, "geometry": {"type": "Point", "coordinates": [-70.6506217, -33.4371206]}}, {"type": "Feature", "properties": {"osm_id": "node/1280749811", "name": "Información Turística", "theme": "culture", "subtype": "information", "lat": -33.4371544, "lon": -70.6503458, "distance_m": 2121, "ring": "<=5000 m"}, "geometry": {"type": "Point", "coordinates": [-70.6503458, -33.4371544]}}, {"type": "Feature", "properties": {"osm_id": "node/10541864709", "name": "Teatro Mori Recoleta", "theme": "culture", "subtype": "theatre", "lat": -33.4344706, "lon": -70.6384383, "distance_m": 2124, "ring": "<=5000 m"}, "geometry": {"type": "Point", "coordinates": [-70.6384383, -33.4344706]}}, {"type": "Feature", "properties": {"osm_id": "node/12116044283", "name": "Presidente Bulnes", "theme": "culture", "subtype": "memorial", "lat": -33.437281, "lon": -70.6498277, "distance_m": 2135, "ring": "<=5000 m"}, "geometry": {"type": "Point", "coordinates": [-70.6498277, -33.437281]}}, {"type": "Feature", "properties": {"osm_id": "node/10917526070", "name": "Biblioteca del Ministerio de Relaciones Exteriores", "theme": "culture", "subtype": "library", "lat": -33.4370709, "lon": -70.6538127, "distance_m": 2138, "ring": "<=5000 m"}, "geometry": {"type": "Point", "coordinates": [-70.6538127, -33.4370709]}}, {"type": "Feature", "properties": {"osm_id": "node/10917526068", "name": "Pinacoteca MINREL", "theme": "culture", "subtype": "gallery", "lat": -33.437072, "lon": -70.6539884, "distance_m": 2141, "ring": "<=5000 m"}, "geometry": {"type": "Point", "coordinates": [-70.6539884, -33.437072]}}, {"type": "Feature", "properties": {"osm_id": "node/13356548978", "name": "Mapocho Incaico", "theme": "culture", "subtype": "memorial", "lat": -33.4373329, "lon": -70.6505528, "distance_m": 2141, "ring": "<=5000 m"}, "geometry": {"type": "Point", "coordinates": [-70.6505528, -33.4373329]}}, {"type": "Feature", "properties": {"osm_id": "node/10882467334", "name": "STGO", "theme": "culture", "subtype": "attraction", "lat": -33.4373651, "lon": -70.6499774, "distance_m": 2144, "ring": "<=5000 m"}, "geometry": {"type": "Point", "coordinates": [-70.6499774, -33.4373651]}}, {"type": "Feature", "properties": {"osm_id": "node/4785305669", "name": "Pedro de Valdivia", "theme": "culture", "subtype": "artwork", "lat": -33.4373682, "lon": -70.6501011, "distance_m": 2145, "ring": "<=5000 m"}, "geometry": {"type": "Point", "coordinates": [-70.6501011, -33.4373682]}}, {"type": "Feature", "properties": {"osm_id": "node/10882467331", "name": "Santiago 1580", "theme": "culture", "subtype": "memorial", "lat": -33.437383, "lon": -70.6503891, "distance_m": 2146, "ring": "<=5000 m"}, "geometry": {"type": "Point", "coordinates": [-70.6503891, -33.437383]}}, {"type": "Feature", "properties": {"osm_id": "way/827249101", "name": "Teatro Mori", "theme": "culture", "subtype": "theatre", "lat": -33.4324271, "lon": -70.634676, "distance_m": 2149, "ring": "<=5000 m"}, "geometry": {"type": "Point", "coordinates": [-70.634676, -33.4324271]}}, {"type": "Feature", "properties": {"osm_id": "node/10882467332", "name": "Santiago 1712", "theme": "culture", "subtype": "memorial", "lat": -33.4374154, "lon": -70.6506144, "distance_m": 2150, "ring": "<=5000 m"}, "geometry": {"type": "Point", "coordinates": [-70.6506144, -33.4374154]}}, {"type": "Feature", "properties": {"osm_id": "node/10882467333", "name": "Santiago 1646", "theme": "culture", "subtype": "memorial", "lat": -33.4374378, "lon": -70.6508464, "distance_m": 2153, "ring": "<=5000 m"}, "geometry": {"type": "Point", "coordinates": [-70.6508464, -33.4374378]}}, {"type": "Feature", "properties": {"osm_id": "node/11526117262", "name": "Centro de Documentación Il Posto", "theme": "culture", "subtype": "library", "lat": -33.4366875, "lon": -70.6436391, "distance_m": 2156, "ring": "<=5000 m"}, "geometry": {"type": "Point", "coordinates": [-70.6436391, -33.4366875]}}, {"type": "Feature", "properties": {"osm_id": "way/1149517039", "name": "Galería Departamento JOTA", "theme": "culture", "subtype": "arts_centre", "lat": -33.4369983, "lon": -70.6444721, "distance_m": 2169, "ring": "<=5000 m"}, "geometry": {"type": "Point", "coordinates": [-70.6444721, -33.4369983]}}, {"type": "Feature", "properties": {"osm_id": "way/224811040", "name": "Place Of Worship", "theme": "culture", "subtype": "place_of_worship", "lat": -33.403077, "lon": -70.6352154, "distance_m": 2171, "ring": "<=5000 m"}, "geometry": {"type": "Point", "coordinates": [-70.6352154, -33.403077]}}, {"type": "Feature", "properties": {"osm_id": "way/448188085", "name": "Iglesia Central", "theme": "culture", "subtype": "place_of_worship", "lat": -33.4361314, "lon": -70.6591802, "distance_m": 2174, "ring": "<=5000 m"}, "geometry": {"type": "Point", "coordinates": [-70.6591802, -33.4361314]}}, {"type": "Feature", "properties": {"osm_id": "node/10994007294", "name": "Pirámide del Camino de San Pablo", "theme": "culture", "subtype": "memorial", "lat": -33.4344992, "lon": -70.6630248, "distance_m": 2180, "ring": "<=5000 m"}, "geometry": {"type": "Point", "coordinates": [-70.6630248, -33.4344992]}}, {"type": "Feature", "properties": {"osm_id": "node/5745576918", "name": "Kilómetro 0", "theme": "culture", "subtype": "memorial", "lat": -33.4377524, "lon": -70.6505057, "distance_m": 2188, "ring": "<=5000 m"}, "geometry": {"type": "Point", "coordinates": [-70.6505057, -33.4377524]}}, {"type": "Feature", "properties": {"osm_id": "node/7570174548", "name": "Apóstol Santiago", "theme": "culture", "subtype": "artwork", "lat": -33.437771, "lon": -70.6497464, "distance_m": 2190, "ring": "<=5000 m"}, "geometry": {"type": "Point", "coordinates": [-70.6497464, -33.437771]}}, {"type": "Feature", "properties": {"osm_id": "node/10882467330", "name": "Cápsula Bicentenario", "theme": "culture", "subtype": "memorial", "lat": -33.4377719, "lon": -70.6499043, "distance_m": 2190, "ring": "<=5000 m"}, "geometry": {"type": "Point", "coordinates": [-70.6499043, -33.4377719]}}, {"type": "Feature", "properties": {"osm_id": "node/2015296739", "name": "Iglesia Unida Metodista Pentecostal", "theme": "culture", "subtype": "place_of_worship", "lat": -33.4095826, "lon": -70.6715033, "distance_m": 2193, "ring": "<=5000 m"}, "geometry": {"type": "Point", "coordinates": [-70.6715033, -33.4095826]}}, {"type": "Feature", "properties": {"osm_id": "relation/17172819", "name": "Catedral Metropolitana de Santiago de Chile", "theme": "culture", "subtype": "monument", "lat": -33.4377513, "lon": -70.6518913, "distance_m": 2193, "ring": "<=5000 m"}, "geometry": {"type": "Point", "coordinates": [-70.6518913, -33.4377513]}}, {"type": "Feature", "properties": {"osm_id": "node/7935581567", "name": "Monumento a la Libertad Americana", "theme": "culture", "subtype": "monument", "lat": -33.4378262, "lon": -70.6505028, "distance_m": 2196, "ring": "<=5000 m"}, "geometry": {"type": "Point", "coordinates": [-70.6505028, -33.4378262]}}, {"type": "Feature", "properties": {"osm_id": "relation/10272414", "name": "Plaza de Armas de Santiago de Chile", "theme": "culture", "subtype": "attraction", "lat": -33.4378251, "lon": -70.6504879, "distance_m": 2196, "ring": "<=5000 m"}, "geometry": {"type": "Point", "coordinates": [-70.6504879, -33.4378251]}}, {"type": "Feature", "properties": {"osm_id": "node/10943273390", "name": "Museo de Arte Sagrado", "theme": "culture", "subtype": "museum", "lat": -33.4378246, "lon": -70.6516008, "distance_m": 2199, "ring": "<=5000 m"}, "geometry": {"type": "Point", "coordinates": [-70.6516008, -33.4378246]}}, {"type": "Feature", "properties": {"osm_id": "node/10882467335", "name": "José María Caro", "theme": "culture", "subtype": "artwork", "lat": -33.4378419, "lon": -70.6512649, "distance_m": 2200, "ring": "<=5000 m"}, "geometry": {"type": "Point", "coordinates": [-70.6512649, -33.4378419]}}, {"type": "Feature", "properties": {"osm_id": "way/446583208", "name": "Evangélica Bautista Recoleta", "theme": "culture", "subtype": "place_of_worship", "lat": -33.3983592, "lon": -70.6524171, "distance_m": 2203, "ring": "<=5000 m"}, "geometry": {"type": "Point", "coordinates": [-70.6524171, -33.3983592]}}, {"type": "Feature", "properties": {"osm_id": "way/421291100", "name": "Parroquia del Sagrario", "theme": "culture", "subtype": "place_of_worship", "lat": -33.4378942, "lon": -70.6513605, "distance_m": 2206, "ring": "<=5000 m"}, "geometry": {"type": "Point", "coordinates": [-70.6513605, -33.4378942]}}, {"type": "Feature", "properties": {"osm_id": "node/1973126268", "name": "Teatro de la Universidad San Sebastián", "theme": "culture", "subtype": "theatre", "lat": -33.4340652, "lon": -70.6360814, "distance_m": 2207, "ring": "<=5000 m"}, "geometry": {"type": "Point", "coordinates": [-70.6360814, -33.4340652]}}, {"type": "Feature", "properties": {"osm_id": "node/8566030168", "name": "Mirador Araucano", "theme": "culture", "subtype": "viewpoint", "lat": -33.4287412, "lon": -70.6301283, "distance_m": 2207, "ring": "<=5000 m"}, "geometry": {"type": "Point", "coordinates": [-70.6301283, -33.4287412]}}, {"type": "Feature", "properties": {"osm_id": "node/10994027629", "name": "Mural MOAC", "theme": "culture", "subtype": "artwork", "lat": -33.4269646, "lon": -70.6715032, "distance_m": 2211, "ring": "<=5000 m"}, "geometry": {"type": "Point", "coordinates": [-70.6715032, -33.4269646]}}, {"type": "Feature", "properties": {"osm_id": "node/10882467336", "name": "Raúl Silva Henríquez", "theme": "culture", "subtype": "artwork", "lat": -33.4379885, "lon": -70.6512461, "distance_m": 2216, "ring": "<=5000 m"}, "geometry": {"type": "Point", "coordinates": [-70.6512461, -33.4379885]}}, {"type": "Feature", "properties": {"osm_id": "node/10967273842", "name": "Jorge Huneeus", "theme": "culture", "subtype": "artwork", "lat": -33.4378425, "lon": -70.6532392, "distance_m": 2216, "ring": "<=5000 m"}, "geometry": {"type": "Point", "coordinates": [-70.6532392, -33.4378425]}}, {"type": "Feature", "properties": {"osm_id": "node/2295148025", "name": "Memorial Puente Bulnes, Muro de la Memoria y Plaza Joan Alsina", "theme": "culture", "subtype": "memorial", "lat": -33.4268014, "lon": -70.6717011, "distance_m": 2220, "ring": "<=5000 m"}, "geometry": {"type": "Point", "coordinates": [-70.6717011, -33.4268014]}}, {"type": "Feature", "properties": {"osm_id": "way/444832381", "name": "Iglesia de la Virgen de la Victoria", "theme": "culture", "subtype": "place_of_worship", "lat": -33.4345371, "lon": -70.6366137, "distance_m": 2222, "ring": "<=5000 m"}, "geometry": {"type": "Point", "coordinates": [-70.6366137, -33.4345371]}}, {"type": "Feature", "properties": {"osm_id": "node/5031383722", "name": "Teatro Bellavista", "theme": "culture", "subtype": "theatre", "lat": -33.4330937, "lon": -70.6343031, "distance_m": 2227, "ring": "<=5000 m"}, "geometry": {"type": "Point", "coordinates": [-70.6343031, -33.4330937]}}, {"type": "Feature", "properties": {"osm_id": "node/11004332676", "name": "Rubén Darío", "theme": "culture", "subtype": "artwork", "lat": -33.4363726, "lon": -70.6401844, "distance_m": 2236, "ring": "<=5000 m"}, "geometry": {"type": "Point", "coordinates": [-70.6401844, -33.4363726]}}, {"type": "Feature", "properties": {"osm_id": "way/1494392654", "name": "Iglesia de Santa Teresa del Niño Jesús", "theme": "culture", "subtype": "place_of_worship", "lat": -33.4120165, "lon": -70.6731944, "distance_m": 2239, "ring": "<=5000 m"}, "geometry": {"type": "Point", "coordinates": [-70.6731944, -33.4120165]}}, {"type": "Feature", "properties": {"osm_id": "node/5755821146", "name": "Café Bellavista", "theme": "culture", "subtype": "library", "lat": -33.4334549, "lon": -70.6345692, "distance_m": 2241, "ring": "<=5000 m"}, "geometry": {"type": "Point", "coordinates": [-70.6345692, -33.4334549]}}, {"type": "Feature", "properties": {"osm_id": "node/11453340557", "name": "Mapa Parque Forestal", "theme": "culture", "subtype": "information", "lat": -33.435909, "lon": -70.6389322, "distance_m": 2241, "ring": "<=5000 m"}, "geometry": {"type": "Point", "coordinates": [-70.6389322, -33.435909]}}, {"type": "Feature", "properties": {"osm_id": "node/9913592069", "name": "Teatro San Ginés", "theme": "culture", "subtype": "theatre", "lat": -33.4327583, "lon": -70.6336128, "distance_m": 2243, "ring": "<=5000 m"}, "geometry": {"type": "Point", "coordinates": [-70.6336128, -33.4327583]}}, {"type": "Feature", "properties": {"osm_id": "node/7935646895", "name": "A los pueblos Indígenas", "theme": "culture", "subtype": "memorial", "lat": -33.4383223, "lon": -70.6508325, "distance_m": 2252, "ring": "<=5000 m"}, "geometry": {"type": "Point", "coordinates": [-70.6508325, -33.4383223]}}, {"type": "Feature", "properties": {"osm_id": "way/757911669", "name": "Virgen Piadosa", "theme": "culture", "subtype": "artwork", "lat": -33.4382444, "lon": -70.652784, "distance_m": 2255, "ring": "<=5000 m"}, "geometry": {"type": "Point", "coordinates": [-70.652784, -33.4382444]}}, {"type": "Feature", "properties": {"osm_id": "way/446415929", "name": "Mision Union Apostolica Manada Pequena", "theme": "culture", "subtype": "place_of_worship", "lat": -33.3977594, "lon": -70.6502219, "distance_m": 2260, "ring": "<=5000 m"}, "geometry": {"type": "Point", "coordinates": [-70.6502219, -33.3977594]}}, {"type": "Feature", "properties": {"osm_id": "node/470328531", "name": "Teatro Ictus Sala de la Comedia", "theme": "culture", "subtype": "theatre", "lat": -33.4373495, "lon": -70.6424225, "distance_m": 2261, "ring": "<=5000 m"}, "geometry": {"type": "Point", "coordinates": [-70.6424225, -33.4373495]}}, {"type": "Feature", "properties": {"osm_id": "node/5113200025", "name": "Antonia Salas de Errázuriz (Caridad)", "theme": "culture", "subtype": "memorial", "lat": -33.4382877, "lon": -70.6472059, "distance_m": 2264, "ring": "<=5000 m"}, "geometry": {"type": "Point", "coordinates": [-70.6472059, -33.4382877]}}, {"type": "Feature", "properties": {"osm_id": "way/892134657", "name": "Basílica de la Merced", "theme": "culture", "subtype": "place_of_worship", "lat": -33.4382232, "lon": -70.6465331, "distance_m": 2265, "ring": "<=5000 m"}, "geometry": {"type": "Point", "coordinates": [-70.6465331, -33.4382232]}}, {"type": "Feature", "properties": {"osm_id": "way/446880701", "name": "Won Budismo", "theme": "culture", "subtype": "place_of_worship", "lat": -33.3978582, "lon": -70.653306, "distance_m": 2267, "ring": "<=5000 m"}, "geometry": {"type": "Point", "coordinates": [-70.653306, -33.3978582]}}, {"type": "Feature", "properties": {"osm_id": "relation/12135649", "name": "Museo de Santiago - Casa Colorada", "theme": "culture", "subtype": "museum", "lat": -33.4385058, "lon": -70.6492069, "distance_m": 2273, "ring": "<=5000 m"}, "geometry": {"type": "Point", "coordinates": [-70.6492069, -33.4385058]}}, {"type": "Feature", "properties": {"osm_id": "node/1877950712", "name": "Patio Bellavista", "theme": "culture", "subtype": "attraction", "lat": -33.4342549, "lon": -70.6351216, "distance_m": 2278, "ring": "<=5000 m"}, "geometry": {"type": "Point", "coordinates": [-70.6351216, -33.4342549]}}, {"type": "Feature", "properties": {"osm_id": "node/5390604022", "name": "Arnaldo Tapia Caballero", "theme": "culture", "subtype": "memorial", "lat": -33.4369359, "lon": -70.6405424, "distance_m": 2280, "ring": "<=5000 m"}, "geometry": {"type": "Point", "coordinates": [-70.6405424, -33.4369359]}}, {"type": "Feature", "properties": {"osm_id": "node/10967273841", "name": "Elegía", "theme": "culture", "subtype": "memorial", "lat": -33.4384619, "lon": -70.6528516, "distance_m": 2280, "ring": "<=5000 m"}, "geometry": {"type": "Point", "coordinates": [-70.6528516, -33.4384619]}}, {"type": "Feature", "properties": {"osm_id": "node/4446542361", "name": "Infotour", "theme": "culture", "subtype": "information", "lat": -33.4345175, "lon": -70.6354868, "distance_m": 2281, "ring": "<=5000 m"}, "geometry": {"type": "Point", "coordinates": [-70.6354868, -33.4345175]}}, {"type": "Feature", "properties": {"osm_id": "node/12876500238", "name": "Galería Barco", "theme": "culture", "subtype": "gallery", "lat": -33.4378348, "lon": -70.6435819, "distance_m": 2281, "ring": "<=5000 m"}, "geometry": {"type": "Point", "coordinates": [-70.6435819, -33.4378348]}}, {"type": "Feature", "properties": {"osm_id": "node/7241107185", "name": "Artwork", "theme": "culture", "subtype": "artwork", "lat": -33.4377091, "lon": -70.642893, "distance_m": 2285, "ring": "<=5000 m"}, "geometry": {"type": "Point", "coordinates": [-70.642893, -33.4377091]}}, {"type": "Feature", "properties": {"osm_id": "way/447104677", "name": "Iglesia de Dios Voz en El Desierio", "theme": "culture", "subtype": "place_of_worship", "lat": -33.4108318, "lon": -70.6270997, "distance_m": 2289, "ring": "<=5000 m"}, "geometry": {"type": "Point", "coordinates": [-70.6270997, -33.4108318]}}, {"type": "Feature", "properties": {"osm_id": "node/1243875755", "name": "casa sanador", "theme": "culture", "subtype": "information", "lat": -33.430969, "lon": -70.6308538, "distance_m": 2296, "ring": "<=5000 m"}, "geometry": {"type": "Point", "coordinates": [-70.6308538, -33.430969]}}, {"type": "Feature", "properties": {"osm_id": "node/1251193349", "name": "Biblioteca del Congreso Nacional", "theme": "culture", "subtype": "library", "lat": -33.4385638, "lon": -70.653325, "distance_m": 2296, "ring": "<=5000 m"}, "geometry": {"type": "Point", "coordinates": [-70.653325, -33.4385638]}}, {"type": "Feature", "properties": {"osm_id": "way/895887128", "name": "Museo de la Merced", "theme": "culture", "subtype": "museum", "lat": -33.4385374, "lon": -70.6468218, "distance_m": 2296, "ring": "<=5000 m"}, "geometry": {"type": "Point", "coordinates": [-70.6468218, -33.4385374]}}, {"type": "Feature", "properties": {"osm_id": "node/10967136518", "name": "Mural de Santiago", "theme": "culture", "subtype": "artwork", "lat": -33.4386784, "lon": -70.6520859, "distance_m": 2297, "ring": "<=5000 m"}, "geometry": {"type": "Point", "coordinates": [-70.6520859, -33.4386784]}}, {"type": "Feature", "properties": {"osm_id": "way/827246268", "name": "Centro Cultural Sanginés", "theme": "culture", "subtype": "theatre", "lat": -33.4334322, "lon": -70.6335244, "distance_m": 2303, "ring": "<=5000 m"}, "geometry": {"type": "Point", "coordinates": [-70.6335244, -33.4334322]}}, {"type": "Feature", "properties": {"osm_id": "node/4865208623", "name": "Mirador Hundimiento", "theme": "culture", "subtype": "viewpoint", "lat": -33.4203017, "lon": -70.6254766, "distance_m": 2307, "ring": "<=5000 m"}, "geometry": {"type": "Point", "coordinates": [-70.6254766, -33.4203017]}}, {"type": "Feature", "properties": {"osm_id": "node/10970175418", "name": "Information", "theme": "culture", "subtype": "information", "lat": -33.4379998, "lon": -70.6432364, "distance_m": 2307, "ring": "<=5000 m"}, "geometry": {"type": "Point", "coordinates": [-70.6432364, -33.4379998]}}, {"type": "Feature", "properties": {"osm_id": "node/11453340556", "name": "Abraham Lincoln", "theme": "culture", "subtype": "artwork", "lat": -33.4365122, "lon": -70.6387485, "distance_m": 2308, "ring": "<=5000 m"}, "geometry": {"type": "Point", "coordinates": [-70.6387485, -33.4365122]}}, {"type": "Feature", "properties": {"osm_id": "node/11453340555", "name": "Futuro", "theme": "culture", "subtype": "artwork", "lat": -33.4363757, "lon": -70.6384279, "distance_m": 2309, "ring": "<=5000 m"}, "geometry": {"type": "Point", "coordinates": [-70.6384279, -33.4363757]}}, {"type": "Feature", "properties": {"osm_id": "node/12140566374", "name": "Artwork", "theme": "culture", "subtype": "artwork", "lat": -33.4274949, "lon": -70.6724021, "distance_m": 2312, "ring": "<=5000 m"}, "geometry": {"type": "Point", "coordinates": [-70.6724021, -33.4274949]}}, {"type": "Feature", "properties": {"osm_id": "node/8515367092", "name": "Javiera Carrera", "theme": "culture", "subtype": "artwork", "lat": -33.4380733, "lon": -70.6432272, "distance_m": 2315, "ring": "<=5000 m"}, "geometry": {"type": "Point", "coordinates": [-70.6432272, -33.4380733]}}, {"type": "Feature", "properties": {"osm_id": "way/829530211", "name": "Teatro Puente", "theme": "culture", "subtype": "theatre", "lat": -33.4356813, "lon": -70.6368049, "distance_m": 2318, "ring": "<=5000 m"}, "geometry": {"type": "Point", "coordinates": [-70.6368049, -33.4356813]}}, {"type": "Feature", "properties": {"osm_id": "node/8735501110", "name": "Information", "theme": "culture", "subtype": "information", "lat": -33.4214242, "lon": -70.6254503, "distance_m": 2326, "ring": "<=5000 m"}, "geometry": {"type": "Point", "coordinates": [-70.6254503, -33.4214242]}}, {"type": "Feature", "properties": {"osm_id": "way/208374303", "name": "Iglesia Parroquial de Santa Ana", "theme": "culture", "subtype": "place_of_worship", "lat": -33.4377528, "lon": -70.6586961, "distance_m": 2326, "ring": "<=5000 m"}, "geometry": {"type": "Point", "coordinates": [-70.6586961, -33.4377528]}}, {"type": "Feature", "properties": {"osm_id": "node/10701863723", "name": "Manuel Montt y Antonio Varas", "theme": "culture", "subtype": "artwork", "lat": -33.4388594, "lon": -70.6533558, "distance_m": 2329, "ring": "<=5000 m"}, "geometry": {"type": "Point", "coordinates": [-70.6533558, -33.4388594]}}, {"type": "Feature", "properties": {"osm_id": "node/11453340554", "name": "Pueblo", "theme": "culture", "subtype": "memorial", "lat": -33.4363802, "lon": -70.6378633, "distance_m": 2334, "ring": "<=5000 m"}, "geometry": {"type": "Point", "coordinates": [-70.6378633, -33.4363802]}}, {"type": "Feature", "properties": {"osm_id": "way/112315480", "name": "Plaza Mulato Gil de Castro", "theme": "culture", "subtype": "attraction", "lat": -33.4375533, "lon": -70.6407918, "distance_m": 2334, "ring": "<=5000 m"}, "geometry": {"type": "Point", "coordinates": [-70.6407918, -33.4375533]}}, {"type": "Feature", "properties": {"osm_id": "node/1297763053", "name": "Museo de Arte Precolombino", "theme": "culture", "subtype": "museum", "lat": -33.4390245, "lon": -70.6521952, "distance_m": 2336, "ring": "<=5000 m"}, "geometry": {"type": "Point", "coordinates": [-70.6521952, -33.4390245]}}, {"type": "Feature", "properties": {"osm_id": "way/220412270", "name": "Centro Cultural Perrera Arte", "theme": "culture", "subtype": "arts_centre", "lat": -33.4273578, "lon": -70.6727805, "distance_m": 2337, "ring": "<=5000 m"}, "geometry": {"type": "Point", "coordinates": [-70.6727805, -33.4273578]}}, {"type": "Feature", "properties": {"osm_id": "node/8262977336", "name": "Chile☆", "theme": "culture", "subtype": "artwork", "lat": -33.4193534, "lon": -70.6250134, "distance_m": 2341, "ring": "<=5000 m"}, "geometry": {"type": "Point", "coordinates": [-70.6250134, -33.4193534]}}, {"type": "Feature", "properties": {"osm_id": "node/8439404999", "name": "Mirador Cordillera", "theme": "culture", "subtype": "viewpoint", "lat": -33.4192388, "lon": -70.624997, "distance_m": 2341, "ring": "<=5000 m"}, "geometry": {"type": "Point", "coordinates": [-70.624997, -33.4192388]}}, {"type": "Feature", "properties": {"osm_id": "node/1773356036", "name": "Museo de Artes Visuales", "theme": "culture", "subtype": "gallery", "lat": -33.4376249, "lon": -70.6406206, "distance_m": 2348, "ring": "<=5000 m"}, "geometry": {"type": "Point", "coordinates": [-70.6406206, -33.4376249]}}, {"type": "Feature", "properties": {"osm_id": "node/7931620608", "name": "Tajamares del Mapocho", "theme": "culture", "subtype": "attraction", "lat": -33.4262303, "lon": -70.6735956, "distance_m": 2354, "ring": "<=5000 m"}, "geometry": {"type": "Point", "coordinates": [-70.6735956, -33.4262303]}}, {"type": "Feature", "properties": {"osm_id": "way/445070048", "name": "Universal", "theme": "culture", "subtype": "place_of_worship", "lat": -33.3977484, "lon": -70.6430468, "distance_m": 2356, "ring": "<=5000 m"}, "geometry": {"type": "Point", "coordinates": [-70.6430468, -33.3977484]}}, {"type": "Feature", "properties": {"osm_id": "node/8735443509", "name": "Canteras del Cerro", "theme": "culture", "subtype": "information", "lat": -33.423391, "lon": -70.6256031, "distance_m": 2357, "ring": "<=5000 m"}, "geometry": {"type": "Point", "coordinates": [-70.6256031, -33.423391]}}, {"type": "Feature", "properties": {"osm_id": "node/10970217609", "name": "Information", "theme": "culture", "subtype": "information", "lat": -33.4384696, "lon": -70.6428347, "distance_m": 2368, "ring": "<=5000 m"}, "geometry": {"type": "Point", "coordinates": [-70.6428347, -33.4384696]}}, {"type": "Feature", "properties": {"osm_id": "way/1494333272", "name": "Iglesia de Nuestra Señora del Rosario de Andacollo", "theme": "culture", "subtype": "place_of_worship", "lat": -33.4318202, "lon": -70.669816, "distance_m": 2378, "ring": "<=5000 m"}, "geometry": {"type": "Point", "coordinates": [-70.669816, -33.4318202]}}, {"type": "Feature", "properties": {"osm_id": "way/445782827", "name": "Place Of Worship", "theme": "culture", "subtype": "place_of_worship", "lat": -33.4059954, "lon": -70.671342, "distance_m": 2379, "ring": "<=5000 m"}, "geometry": {"type": "Point", "coordinates": [-70.671342, -33.4059954]}}, {"type": "Feature", "properties": {"osm_id": "node/10916893305", "name": "Espacio O", "theme": "culture", "subtype": "arts_centre", "lat": -33.4380742, "lon": -70.6408018, "distance_m": 2388, "ring": "<=5000 m"}, "geometry": {"type": "Point", "coordinates": [-70.6408018, -33.4380742]}}, {"type": "Feature", "properties": {"osm_id": "node/5652180622", "name": "Academia de Marinera \"Raíces y Costumbres de Mi Virú\"", "theme": "culture", "subtype": "information", "lat": -33.4347016, "lon": -70.6665248, "distance_m": 2391, "ring": "<=5000 m"}, "geometry": {"type": "Point", "coordinates": [-70.6665248, -33.4347016]}}, {"type": "Feature", "properties": {"osm_id": "node/1251193350", "name": "Biblioteca de la Corte Suprema", "theme": "culture", "subtype": "library", "lat": -33.4395555, "lon": -70.6524422, "distance_m": 2397, "ring": "<=5000 m"}, "geometry": {"type": "Point", "coordinates": [-70.6524422, -33.4395555]}}, {"type": "Feature", "properties": {"osm_id": "node/1652791883", "name": "Ascensor Santa Lucía (closed)", "theme": "culture", "subtype": "attraction", "lat": -33.438971, "lon": -70.6437568, "distance_m": 2398, "ring": "<=5000 m"}, "geometry": {"type": "Point", "coordinates": [-70.6437568, -33.438971]}}, {"type": "Feature", "properties": {"osm_id": "node/6848972529", "name": "Memorial Estudiantes", "theme": "culture", "subtype": "memorial", "lat": -33.4353121, "lon": -70.634614, "distance_m": 2400, "ring": "<=5000 m"}, "geometry": {"type": "Point", "coordinates": [-70.634614, -33.4353121]}}, {"type": "Feature", "properties": {"osm_id": "node/12838402478", "name": "Biblioespacio Mónica Briones Puccio", "theme": "culture", "subtype": "library", "lat": -33.437858, "lon": -70.6397834, "distance_m": 2402, "ring": "<=5000 m"}, "geometry": {"type": "Point", "coordinates": [-70.6397834, -33.437858]}}, {"type": "Feature", "properties": {"osm_id": "way/1236670716", "name": "Fundación Cultural Alicia Vega", "theme": "culture", "subtype": "gallery", "lat": -33.4319556, "lon": -70.6303036, "distance_m": 2405, "ring": "<=5000 m"}, "geometry": {"type": "Point", "coordinates": [-70.6303036, -33.4319556]}}, {"type": "Feature", "properties": {"osm_id": "node/12140566373", "name": "V Centenario del Descubrimiento de América", "theme": "culture", "subtype": "memorial", "lat": -33.4270942, "lon": -70.67378, "distance_m": 2408, "ring": "<=5000 m"}, "geometry": {"type": "Point", "coordinates": [-70.67378, -33.4270942]}}, {"type": "Feature", "properties": {"osm_id": "node/10682172616", "name": "Retrato Gato", "theme": "culture", "subtype": "artwork", "lat": -33.4385015, "lon": -70.6411906, "distance_m": 2419, "ring": "<=5000 m"}, "geometry": {"type": "Point", "coordinates": [-70.6411906, -33.4385015]}}, {"type": "Feature", "properties": {"osm_id": "node/7243610986", "name": "Amor", "theme": "culture", "subtype": "artwork", "lat": -33.4386512, "lon": -70.6415183, "distance_m": 2425, "ring": "<=5000 m"}, "geometry": {"type": "Point", "coordinates": [-70.6415183, -33.4386512]}}, {"type": "Feature", "properties": {"osm_id": "node/1292345683", "name": "Fuente Alemana", "theme": "culture", "subtype": "memorial", "lat": -33.4366377, "lon": -70.6363938, "distance_m": 2428, "ring": "<=5000 m"}, "geometry": {"type": "Point", "coordinates": [-70.6363938, -33.4366377]}}, {"type": "Feature", "properties": {"osm_id": "way/482748527", "name": "Casa de la Cultura Anahuac", "theme": "culture", "subtype": "arts_centre", "lat": -33.4170783, "lon": -70.6240189, "distance_m": 2431, "ring": "<=5000 m"}, "geometry": {"type": "Point", "coordinates": [-70.6240189, -33.4170783]}}, {"type": "Feature", "properties": {"osm_id": "node/2584336818", "name": "La Botica Salcobrand", "theme": "culture", "subtype": "attraction", "lat": -33.4397814, "lon": -70.6535974, "distance_m": 2434, "ring": "<=5000 m"}, "geometry": {"type": "Point", "coordinates": [-70.6535974, -33.4397814]}}, {"type": "Feature", "properties": {"osm_id": "way/565884108", "name": "Iglesia de La Veracruz", "theme": "culture", "subtype": "place_of_worship", "lat": -33.4387452, "lon": -70.6413506, "distance_m": 2440, "ring": "<=5000 m"}, "geometry": {"type": "Point", "coordinates": [-70.6413506, -33.4387452]}}, {"type": "Feature", "properties": {"osm_id": "node/8262955095", "name": "Viewpoint", "theme": "culture", "subtype": "viewpoint", "lat": -33.4169283, "lon": -70.6239097, "distance_m": 2442, "ring": "<=5000 m"}, "geometry": {"type": "Point", "coordinates": [-70.6239097, -33.4169283]}}, {"type": "Feature", "properties": {"osm_id": "node/12241449381", "name": "Galeria Fotográfica FLACH", "theme": "culture", "subtype": "gallery", "lat": -33.4381346, "lon": -70.6393311, "distance_m": 2447, "ring": "<=5000 m"}, "geometry": {"type": "Point", "coordinates": [-70.6393311, -33.4381346]}}, {"type": "Feature", "properties": {"osm_id": "way/444933474", "name": "Iglesia de la Epifanía del Señor", "theme": "culture", "subtype": "place_of_worship", "lat": -33.4316839, "lon": -70.6294427, "distance_m": 2448, "ring": "<=5000 m"}, "geometry": {"type": "Point", "coordinates": [-70.6294427, -33.4316839]}}, {"type": "Feature", "properties": {"osm_id": "way/1174885890", "name": "Centro Cultural y Comunitario Montecarmelo", "theme": "culture", "subtype": "arts_centre", "lat": -33.4301938, "lon": -70.6281247, "distance_m": 2451, "ring": "<=5000 m"}, "geometry": {"type": "Point", "coordinates": [-70.6281247, -33.4301938]}}, {"type": "Feature", "properties": {"osm_id": "node/12219908441", "name": "Memorial", "theme": "culture", "subtype": "memorial", "lat": -33.4392488, "lon": -70.6427387, "distance_m": 2453, "ring": "<=5000 m"}, "geometry": {"type": "Point", "coordinates": [-70.6427387, -33.4392488]}}, {"type": "Feature", "properties": {"osm_id": "node/10970200281", "name": "Raza Chilena", "theme": "culture", "subtype": "artwork", "lat": -33.4394998, "lon": -70.6438388, "distance_m": 2454, "ring": "<=5000 m"}, "geometry": {"type": "Point", "coordinates": [-70.6438388, -33.4394998]}}, {"type": "Feature", "properties": {"osm_id": "way/607947264", "name": "Gallery", "theme": "culture", "subtype": "gallery", "lat": -33.4301766, "lon": -70.6280273, "distance_m": 2457, "ring": "<=5000 m"}, "geometry": {"type": "Point", "coordinates": [-70.6280273, -33.4301766]}}, {"type": "Feature", "properties": {"osm_id": "node/12876500233", "name": "Conjunto Escultórico", "theme": "culture", "subtype": "artwork", "lat": -33.4387098, "lon": -70.6403922, "distance_m": 2467, "ring": "<=5000 m"}, "geometry": {"type": "Point", "coordinates": [-70.6403922, -33.4387098]}}, {"type": "Feature", "properties": {"osm_id": "node/10916965931", "name": "BiblioLAB", "theme": "culture", "subtype": "library", "lat": -33.4303552, "lon": -70.6279835, "distance_m": 2472, "ring": "<=5000 m"}, "geometry": {"type": "Point", "coordinates": [-70.6279835, -33.4303552]}}, {"type": "Feature", "properties": {"osm_id": "node/10970162395", "name": "A los protestantes, ateos y suicidas", "theme": "culture", "subtype": "artwork", "lat": -33.4395271, "lon": -70.6429645, "distance_m": 2477, "ring": "<=5000 m"}, "geometry": {"type": "Point", "coordinates": [-70.6429645, -33.4395271]}}, {"type": "Feature", "properties": {"osm_id": "node/10927993051", "name": "Museo de Química y Farmacia", "theme": "culture", "subtype": "museum", "lat": -33.4370031, "lon": -70.63607, "distance_m": 2479, "ring": "<=5000 m"}, "geometry": {"type": "Point", "coordinates": [-70.63607, -33.4370031]}}, {"type": "Feature", "properties": {"osm_id": "node/11225853751", "name": "Casa de la Cultura Parque Metropolitano", "theme": "culture", "subtype": "memorial", "lat": -33.4170643, "lon": -70.6233955, "distance_m": 2489, "ring": "<=5000 m"}, "geometry": {"type": "Point", "coordinates": [-70.6233955, -33.4170643]}}, {"type": "Feature", "properties": {"osm_id": "node/1292345642", "name": "Monumento al Genio de la Libertad", "theme": "culture", "subtype": "artwork", "lat": -33.436594, "lon": -70.6350179, "distance_m": 2494, "ring": "<=5000 m"}, "geometry": {"type": "Point", "coordinates": [-70.6350179, -33.436594]}}, {"type": "Feature", "properties": {"osm_id": "node/10970162396", "name": "José Victorino Lastarria", "theme": "culture", "subtype": "artwork", "lat": -33.4400628, "lon": -70.6444328, "distance_m": 2502, "ring": "<=5000 m"}, "geometry": {"type": "Point", "coordinates": [-70.6444328, -33.4400628]}}, {"type": "Feature", "properties": {"osm_id": "node/10683923844", "name": "Terraza Pedro de Valdivia", "theme": "culture", "subtype": "viewpoint", "lat": -33.4399025, "lon": -70.6435395, "distance_m": 2504, "ring": "<=5000 m"}, "geometry": {"type": "Point", "coordinates": [-70.6435395, -33.4399025]}}, {"type": "Feature", "properties": {"osm_id": "way/444927011", "name": "Teatro La Memoria", "theme": "culture", "subtype": "theatre", "lat": -33.431688, "lon": -70.6286865, "distance_m": 2504, "ring": "<=5000 m"}, "geometry": {"type": "Point", "coordinates": [-70.6286865, -33.431688]}}, {"type": "Feature", "properties": {"osm_id": "way/448177164", "name": "Iglesia Evangélica", "theme": "culture", "subtype": "place_of_worship", "lat": -33.4344921, "lon": -70.6686731, "distance_m": 2505, "ring": "<=5000 m"}, "geometry": {"type": "Point", "coordinates": [-70.6686731, -33.4344921]}}, {"type": "Feature", "properties": {"osm_id": "node/1276923249", "name": "Teatro Lastarria Go", "theme": "culture", "subtype": "theatre", "lat": -33.4393686, "lon": -70.6412731, "distance_m": 2508, "ring": "<=5000 m"}, "geometry": {"type": "Point", "coordinates": [-70.6412731, -33.4393686]}}, {"type": "Feature", "properties": {"osm_id": "node/13463812493", "name": "Never Give Up", "theme": "culture", "subtype": "artwork", "lat": -33.4404905, "lon": -70.6467635, "distance_m": 2512, "ring": "<=5000 m"}, "geometry": {"type": "Point", "coordinates": [-70.6467635, -33.4404905]}}, {"type": "Feature", "properties": {"osm_id": "node/10684019812", "name": "Don Pedro de Valdivia", "theme": "culture", "subtype": "artwork", "lat": -33.4399449, "lon": -70.6433489, "distance_m": 2513, "ring": "<=5000 m"}, "geometry": {"type": "Point", "coordinates": [-70.6433489, -33.4399449]}}, {"type": "Feature", "properties": {"osm_id": "node/10688174012", "name": "Patricio Mekis", "theme": "culture", "subtype": "artwork", "lat": -33.4405713, "lon": -70.6473727, "distance_m": 2515, "ring": "<=5000 m"}, "geometry": {"type": "Point", "coordinates": [-70.6473727, -33.4405713]}}, {"type": "Feature", "properties": {"osm_id": "node/10684440599", "name": "Artwork", "theme": "culture", "subtype": "artwork", "lat": -33.4394222, "lon": -70.6411118, "distance_m": 2518, "ring": "<=5000 m"}, "geometry": {"type": "Point", "coordinates": [-70.6411118, -33.4394222]}}, {"type": "Feature", "properties": {"osm_id": "node/5813430754", "name": "Cristo de Mayo", "theme": "culture", "subtype": "memorial", "lat": -33.4407021, "lon": -70.648741, "distance_m": 2519, "ring": "<=5000 m"}, "geometry": {"type": "Point", "coordinates": [-70.648741, -33.4407021]}}, {"type": "Feature", "properties": {"osm_id": "node/10865853099", "name": "Biblioteca Científica Adelina Gutiérrez", "theme": "culture", "subtype": "library", "lat": -33.4405383, "lon": -70.653739, "distance_m": 2519, "ring": "<=5000 m"}, "geometry": {"type": "Point", "coordinates": [-70.653739, -33.4405383]}}, {"type": "Feature", "properties": {"osm_id": "way/446144756", "name": "Templo Monte de Sion", "theme": "culture", "subtype": "place_of_worship", "lat": -33.4085374, "lon": -70.6747948, "distance_m": 2519, "ring": "<=5000 m"}, "geometry": {"type": "Point", "coordinates": [-70.6747948, -33.4085374]}}, {"type": "Feature", "properties": {"osm_id": "node/10916736194", "name": "Sala de Exposiciones Museo de Arte Popular Americano", "theme": "culture", "subtype": "gallery", "lat": -33.4388956, "lon": -70.6393024, "distance_m": 2525, "ring": "<=5000 m"}, "geometry": {"type": "Point", "coordinates": [-70.6393024, -33.4388956]}}, {"type": "Feature", "properties": {"osm_id": "node/1157166574", "name": "Biblio GAM", "theme": "culture", "subtype": "library", "lat": -33.4389976, "lon": -70.639499, "distance_m": 2529, "ring": "<=5000 m"}, "geometry": {"type": "Point", "coordinates": [-70.639499, -33.4389976]}}, {"type": "Feature", "properties": {"osm_id": "way/808481240", "name": "Iglesia de San Agustín", "theme": "culture", "subtype": "place_of_worship", "lat": -33.4408194, "lon": -70.6488957, "distance_m": 2531, "ring": "<=5000 m"}, "geometry": {"type": "Point", "coordinates": [-70.6488957, -33.4408194]}}, {"type": "Feature", "properties": {"osm_id": "node/12109669227", "name": "Día del Árbol", "theme": "culture", "subtype": "memorial", "lat": -33.4161866, "lon": -70.6230053, "distance_m": 2532, "ring": "<=5000 m"}, "geometry": {"type": "Point", "coordinates": [-70.6230053, -33.4161866]}}, {"type": "Feature", "properties": {"osm_id": "node/12843320611", "name": "Centro de Documentación Roberto Montandon Paillard", "theme": "culture", "subtype": "library", "lat": -33.4398439, "lon": -70.6584442, "distance_m": 2538, "ring": "<=5000 m"}, "geometry": {"type": "Point", "coordinates": [-70.6584442, -33.4398439]}}, {"type": "Feature", "properties": {"osm_id": "node/8371127067", "name": "Biblioteca Conventual \"Toma y Lee\"", "theme": "culture", "subtype": "library", "lat": -33.4408736, "lon": -70.6485636, "distance_m": 2539, "ring": "<=5000 m"}, "geometry": {"type": "Point", "coordinates": [-70.6485636, -33.4408736]}}, {"type": "Feature", "properties": {"osm_id": "way/37356526", "name": "Centro Cultural Gabriela Mistral GAM", "theme": "culture", "subtype": "arts_centre", "lat": -33.4392041, "lon": -70.6397764, "distance_m": 2540, "ring": "<=5000 m"}, "geometry": {"type": "Point", "coordinates": [-70.6397764, -33.4392041]}}, {"type": "Feature", "properties": {"osm_id": "node/4755468731", "name": "Alberto Mackenna", "theme": "culture", "subtype": "artwork", "lat": -33.416108, "lon": -70.6229016, "distance_m": 2542, "ring": "<=5000 m"}, "geometry": {"type": "Point", "coordinates": [-70.6229016, -33.416108]}}, {"type": "Feature", "properties": {"osm_id": "node/3372265790", "name": "Viewpoint", "theme": "culture", "subtype": "viewpoint", "lat": -33.4402689, "lon": -70.6434211, "distance_m": 2546, "ring": "<=5000 m"}, "geometry": {"type": "Point", "coordinates": [-70.6434211, -33.4402689]}}, {"type": "Feature", "properties": {"osm_id": "node/8112763632", "name": "Antonio Valdivia A.", "theme": "culture", "subtype": "memorial", "lat": -33.4026459, "lon": -70.6704542, "distance_m": 2546, "ring": "<=5000 m"}, "geometry": {"type": "Point", "coordinates": [-70.6704542, -33.4026459]}}, {"type": "Feature", "properties": {"osm_id": "way/447775513", "name": "Place Of Worship", "theme": "culture", "subtype": "place_of_worship", "lat": -33.4373437, "lon": -70.665078, "distance_m": 2549, "ring": "<=5000 m"}, "geometry": {"type": "Point", "coordinates": [-70.665078, -33.4373437]}}, {"type": "Feature", "properties": {"osm_id": "node/8373981190", "name": "Mural Tupahue", "theme": "culture", "subtype": "artwork", "lat": -33.4157804, "lon": -70.6228389, "distance_m": 2551, "ring": "<=5000 m"}, "geometry": {"type": "Point", "coordinates": [-70.6228389, -33.4157804]}}, {"type": "Feature", "properties": {"osm_id": "node/7501655107", "name": "Biblioteca P. Alfonso Escudero", "theme": "culture", "subtype": "library", "lat": -33.4410063, "lon": -70.6490071, "distance_m": 2552, "ring": "<=5000 m"}, "geometry": {"type": "Point", "coordinates": [-70.6490071, -33.4410063]}}, {"type": "Feature", "properties": {"osm_id": "node/10970162394", "name": "Sitio de Memoria Ex Clínica Santa Lucía", "theme": "culture", "subtype": "memorial", "lat": -33.4406126, "lon": -70.6448179, "distance_m": 2555, "ring": "<=5000 m"}, "geometry": {"type": "Point", "coordinates": [-70.6448179, -33.4406126]}}, {"type": "Feature", "properties": {"osm_id": "node/12241449380", "name": "Galería Biophilia", "theme": "culture", "subtype": "gallery", "lat": -33.4395125, "lon": -70.6402509, "distance_m": 2555, "ring": "<=5000 m"}, "geometry": {"type": "Point", "coordinates": [-70.6402509, -33.4395125]}}, {"type": "Feature", "properties": {"osm_id": "node/8420850921", "name": "Information", "theme": "culture", "subtype": "information", "lat": -33.4158725, "lon": -70.6227616, "distance_m": 2557, "ring": "<=5000 m"}, "geometry": {"type": "Point", "coordinates": [-70.6227616, -33.4158725]}}, {"type": "Feature", "properties": {"osm_id": "node/11221580887", "name": "Germán Tenderini", "theme": "culture", "subtype": "artwork", "lat": -33.4409419, "lon": -70.6472541, "distance_m": 2557, "ring": "<=5000 m"}, "geometry": {"type": "Point", "coordinates": [-70.6472541, -33.4409419]}}, {"type": "Feature", "properties": {"osm_id": "way/741798695", "name": "Monumento al General Baquedano", "theme": "culture", "subtype": "artwork", "lat": -33.4369413, "lon": -70.6344316, "distance_m": 2557, "ring": "<=5000 m"}, "geometry": {"type": "Point", "coordinates": [-70.6344316, -33.4369413]}}, {"type": "Feature", "properties": {"osm_id": "way/446173900", "name": "Place Of Worship", "theme": "culture", "subtype": "place_of_worship", "lat": -33.3983331, "lon": -70.6360408, "distance_m": 2558, "ring": "<=5000 m"}, "geometry": {"type": "Point", "coordinates": [-70.6360408, -33.3983331]}}, {"type": "Feature", "properties": {"osm_id": "relation/11148001", "name": "Convento Nuestra Señora de Gracia", "theme": "culture", "subtype": "place_of_worship", "lat": -33.4410601, "lon": -70.6487602, "distance_m": 2559, "ring": "<=5000 m"}, "geometry": {"type": "Point", "coordinates": [-70.6487602, -33.4410601]}}, {"type": "Feature", "properties": {"osm_id": "way/1462299888", "name": "Lucila", "theme": "culture", "subtype": "artwork", "lat": -33.4365854, "lon": -70.6337536, "distance_m": 2561, "ring": "<=5000 m"}, "geometry": {"type": "Point", "coordinates": [-70.6337536, -33.4365854]}}, {"type": "Feature", "properties": {"osm_id": "way/1499153580", "name": "Capilla Clínica Santa María", "theme": "culture", "subtype": "place_of_worship", "lat": -33.4327718, "lon": -70.6288696, "distance_m": 2566, "ring": "<=5000 m"}, "geometry": {"type": "Point", "coordinates": [-70.6288696, -33.4327718]}}, {"type": "Feature", "properties": {"osm_id": "node/10970162321", "name": "Arzobispo Manuel Vicuña Larraín", "theme": "culture", "subtype": "artwork", "lat": -33.4405203, "lon": -70.643687, "distance_m": 2567, "ring": "<=5000 m"}, "geometry": {"type": "Point", "coordinates": [-70.643687, -33.4405203]}}, {"type": "Feature", "properties": {"osm_id": "node/9356642498", "name": "Memorial", "theme": "culture", "subtype": "memorial", "lat": -33.4156508, "lon": -70.6226363, "distance_m": 2571, "ring": "<=5000 m"}, "geometry": {"type": "Point", "coordinates": [-70.6226363, -33.4156508]}}, {"type": "Feature", "properties": {"osm_id": "node/12542607455", "name": "Museo Marista", "theme": "culture", "subtype": "museum", "lat": -33.4368794, "lon": -70.6663141, "distance_m": 2571, "ring": "<=5000 m"}, "geometry": {"type": "Point", "coordinates": [-70.6663141, -33.4368794]}}, {"type": "Feature", "properties": {"osm_id": "way/112317702", "name": "Teatro Municipal de Santiago", "theme": "culture", "subtype": "monument", "lat": -33.4410946, "lon": -70.6475545, "distance_m": 2571, "ring": "<=5000 m"}, "geometry": {"type": "Point", "coordinates": [-70.6475545, -33.4410946]}}, {"type": "Feature", "properties": {"osm_id": "node/10943273387", "name": "Museo Numismático", "theme": "culture", "subtype": "museum", "lat": -33.4411376, "lon": -70.6528204, "distance_m": 2576, "ring": "<=5000 m"}, "geometry": {"type": "Point", "coordinates": [-70.6528204, -33.4411376]}}, {"type": "Feature", "properties": {"osm_id": "node/11300540674", "name": "Memorial tragedia área de Juan Fernández", "theme": "culture", "subtype": "memorial", "lat": -33.4274351, "lon": -70.6247899, "distance_m": 2576, "ring": "<=5000 m"}, "geometry": {"type": "Point", "coordinates": [-70.6247899, -33.4274351]}}, {"type": "Feature", "properties": {"osm_id": "node/7556640830", "name": "Archivo Histórico Agustino", "theme": "culture", "subtype": "library", "lat": -33.4412294, "lon": -70.6489723, "distance_m": 2577, "ring": "<=5000 m"}, "geometry": {"type": "Point", "coordinates": [-70.6489723, -33.4412294]}}, {"type": "Feature", "properties": {"osm_id": "node/12109244659", "name": "Parque Palmas de Gabriela Mistral", "theme": "culture", "subtype": "memorial", "lat": -33.4159696, "lon": -70.62253, "distance_m": 2578, "ring": "<=5000 m"}, "geometry": {"type": "Point", "coordinates": [-70.62253, -33.4159696]}}, {"type": "Feature", "properties": {"osm_id": "node/12316697520", "name": "Manuel Rodríguez Erdoíza", "theme": "culture", "subtype": "memorial", "lat": -33.4411125, "lon": -70.6533841, "distance_m": 2578, "ring": "<=5000 m"}, "geometry": {"type": "Point", "coordinates": [-70.6533841, -33.4411125]}}, {"type": "Feature", "properties": {"osm_id": "way/1148286262", "name": "Ermita Vicuña Mackenna", "theme": "culture", "subtype": "place_of_worship", "lat": -33.4406376, "lon": -70.6437644, "distance_m": 2578, "ring": "<=5000 m"}, "geometry": {"type": "Point", "coordinates": [-70.6437644, -33.4406376]}}, {"type": "Feature", "properties": {"osm_id": "node/10970162398", "name": "Estatua Buenos Aires", "theme": "culture", "subtype": "artwork", "lat": -33.4408018, "lon": -70.6443733, "distance_m": 2583, "ring": "<=5000 m"}, "geometry": {"type": "Point", "coordinates": [-70.6443733, -33.4408018]}}, {"type": "Feature", "properties": {"osm_id": "way/954424339", "name": "Biblioteca Hermano Fernando de la Fuente", "theme": "culture", "subtype": "library", "lat": -33.4369506, "lon": -70.6664384, "distance_m": 2584, "ring": "<=5000 m"}, "geometry": {"type": "Point", "coordinates": [-70.6664384, -33.4369506]}}, {"type": "Feature", "properties": {"osm_id": "node/10970200279", "name": "Paseo de Santa Lucía", "theme": "culture", "subtype": "memorial", "lat": -33.4408651, "lon": -70.6446823, "distance_m": 2585, "ring": "<=5000 m"}, "geometry": {"type": "Point", "coordinates": [-70.6446823, -33.4408651]}}, {"type": "Feature", "properties": {"osm_id": "node/11038002403", "name": "Mozart", "theme": "culture", "subtype": "artwork", "lat": -33.4412144, "lon": -70.6472369, "distance_m": 2587, "ring": "<=5000 m"}, "geometry": {"type": "Point", "coordinates": [-70.6472369, -33.4412144]}}, {"type": "Feature", "properties": {"osm_id": "node/321327592", "name": "Obelisco al Presidente Balmaceda", "theme": "culture", "subtype": "monument", "lat": -33.4363578, "lon": -70.6329069, "distance_m": 2589, "ring": "<=5000 m"}, "geometry": {"type": "Point", "coordinates": [-70.6329069, -33.4363578]}}, {"type": "Feature", "properties": {"osm_id": "node/6988039424", "name": "General José Miguel Carrera", "theme": "culture", "subtype": "memorial", "lat": -33.4411988, "lon": -70.6536972, "distance_m": 2591, "ring": "<=5000 m"}, "geometry": {"type": "Point", "coordinates": [-70.6536972, -33.4411988]}}, {"type": "Feature", "properties": {"osm_id": "way/954424340", "name": "Iglesia Instituto Alonso De Ercilla", "theme": "culture", "subtype": "place_of_worship", "lat": -33.4369642, "lon": -70.6665754, "distance_m": 2593, "ring": "<=5000 m"}, "geometry": {"type": "Point", "coordinates": [-70.6665754, -33.4369642]}}, {"type": "Feature", "properties": {"osm_id": "node/10993892788", "name": "Gloria y Victoria", "theme": "culture", "subtype": "memorial", "lat": -33.43903, "lon": -70.6378514, "distance_m": 2596, "ring": "<=5000 m"}, "geometry": {"type": "Point", "coordinates": [-70.6378514, -33.43903]}}, {"type": "Feature", "properties": {"osm_id": "node/2969268279", "name": "Diego Portales", "theme": "culture", "subtype": "artwork", "lat": -33.4412274, "lon": -70.654106, "distance_m": 2599, "ring": "<=5000 m"}, "geometry": {"type": "Point", "coordinates": [-70.654106, -33.4412274]}}, {"type": "Feature", "properties": {"osm_id": "node/10969816267", "name": "Caupolicán", "theme": "culture", "subtype": "artwork", "lat": -33.4409108, "lon": -70.6440571, "distance_m": 2602, "ring": "<=5000 m"}, "geometry": {"type": "Point", "coordinates": [-70.6440571, -33.4409108]}}, {"type": "Feature", "properties": {"osm_id": "node/6938709845", "name": "Viewpoint", "theme": "culture", "subtype": "viewpoint", "lat": -33.4153466, "lon": -70.6222486, "distance_m": 2611, "ring": "<=5000 m"}, "geometry": {"type": "Point", "coordinates": [-70.6222486, -33.4153466]}}, {"type": "Feature", "properties": {"osm_id": "node/12140277537", "name": "Centro de Documentación de las Artes Escénicas", "theme": "culture", "subtype": "library", "lat": -33.4414761, "lon": -70.6474179, "distance_m": 2614, "ring": "<=5000 m"}, "geometry": {"type": "Point", "coordinates": [-70.6474179, -33.4414761]}}, {"type": "Feature", "properties": {"osm_id": "node/11170932636", "name": "Cuartel N°1 Sicar", "theme": "culture", "subtype": "memorial", "lat": -33.4413424, "lon": -70.654416, "distance_m": 2616, "ring": "<=5000 m"}, "geometry": {"type": "Point", "coordinates": [-70.654416, -33.4413424]}}, {"type": "Feature", "properties": {"osm_id": "node/10970162319", "name": "Chemamull", "theme": "culture", "subtype": "artwork", "lat": -33.4409534, "lon": -70.6433899, "distance_m": 2620, "ring": "<=5000 m"}, "geometry": {"type": "Point", "coordinates": [-70.6433899, -33.4409534]}}, {"type": "Feature", "properties": {"osm_id": "node/13616033215", "name": "Viewpoint", "theme": "culture", "subtype": "viewpoint", "lat": -33.4195423, "lon": -70.6219938, "distance_m": 2622, "ring": "<=5000 m"}, "geometry": {"type": "Point", "coordinates": [-70.6219938, -33.4195423]}}, {"type": "Feature", "properties": {"osm_id": "node/12241501329", "name": "Me lo contó un chincolito", "theme": "culture", "subtype": "artwork", "lat": -33.4400104, "lon": -70.6396398, "distance_m": 2628, "ring": "<=5000 m"}, "geometry": {"type": "Point", "coordinates": [-70.6396398, -33.4400104]}}, {"type": "Feature", "properties": {"osm_id": "node/1841300609", "name": "Terraza Caupolicán", "theme": "culture", "subtype": "viewpoint", "lat": -33.4410851, "lon": -70.6435716, "distance_m": 2631, "ring": "<=5000 m"}, "geometry": {"type": "Point", "coordinates": [-70.6435716, -33.4410851]}}, {"type": "Feature", "properties": {"osm_id": "node/2968334804", "name": "Jorge Alessandri Rodríguez", "theme": "culture", "subtype": "memorial", "lat": -33.4415777, "lon": -70.653605, "distance_m": 2632, "ring": "<=5000 m"}, "geometry": {"type": "Point", "coordinates": [-70.653605, -33.4415777]}}, {"type": "Feature", "properties": {"osm_id": "way/448337400", "name": "Templo Evangélico Bautista", "theme": "culture", "subtype": "place_of_worship", "lat": -33.4398222, "lon": -70.6614019, "distance_m": 2632, "ring": "<=5000 m"}, "geometry": {"type": "Point", "coordinates": [-70.6614019, -33.4398222]}}, {"type": "Feature", "properties": {"osm_id": "way/446415932", "name": "Iglesia Misionera Pentecostal International", "theme": "culture", "subtype": "place_of_worship", "lat": -33.394595, "lon": -70.6541436, "distance_m": 2637, "ring": "<=5000 m"}, "geometry": {"type": "Point", "coordinates": [-70.6541436, -33.394595]}}, {"type": "Feature", "properties": {"osm_id": "node/5724086822", "name": "Tributo de Gratitud del Pueblo Alemán", "theme": "culture", "subtype": "artwork", "lat": -33.4409049, "lon": -70.6424161, "distance_m": 2638, "ring": "<=5000 m"}, "geometry": {"type": "Point", "coordinates": [-70.6424161, -33.4409049]}}, {"type": "Feature", "properties": {"osm_id": "node/12377412201", "name": "Declaración Universal Derechos Humanos", "theme": "culture", "subtype": "memorial", "lat": -33.4416335, "lon": -70.6540479, "distance_m": 2643, "ring": "<=5000 m"}, "geometry": {"type": "Point", "coordinates": [-70.6540479, -33.4416335]}}, {"type": "Feature", "properties": {"osm_id": "node/2968334803", "name": "Eduardo Frei Montalva", "theme": "culture", "subtype": "memorial", "lat": -33.4416761, "lon": -70.6544932, "distance_m": 2654, "ring": "<=5000 m"}, "geometry": {"type": "Point", "coordinates": [-70.6544932, -33.4416761]}}, {"type": "Feature", "properties": {"osm_id": "node/10996442224", "name": "Carlos Casanueva", "theme": "culture", "subtype": "artwork", "lat": -33.4406506, "lon": -70.6408989, "distance_m": 2654, "ring": "<=5000 m"}, "geometry": {"type": "Point", "coordinates": [-70.6408989, -33.4406506]}}, {"type": "Feature", "properties": {"osm_id": "way/23389954", "name": "Huérfanos", "theme": "culture", "subtype": "attraction", "lat": -33.440585, "lon": -70.6598032, "distance_m": 2657, "ring": "<=5000 m"}, "geometry": {"type": "Point", "coordinates": [-70.6598032, -33.440585]}}, {"type": "Feature", "properties": {"osm_id": "node/10975534054", "name": "Monumento por los Derechos LGBTI de Chile", "theme": "culture", "subtype": "memorial", "lat": -33.4410334, "lon": -70.6421761, "distance_m": 2658, "ring": "<=5000 m"}, "geometry": {"type": "Point", "coordinates": [-70.6421761, -33.4410334]}}, {"type": "Feature", "properties": {"osm_id": "way/752835636", "name": "Teatro de la Universidad de Chile", "theme": "culture", "subtype": "theatre", "lat": -33.4379246, "lon": -70.6342173, "distance_m": 2658, "ring": "<=5000 m"}, "geometry": {"type": "Point", "coordinates": [-70.6342173, -33.4379246]}}, {"type": "Feature", "properties": {"osm_id": "node/10996442225", "name": "Monseñor Crescente Errázuriz Valdivieso", "theme": "culture", "subtype": "artwork", "lat": -33.4407759, "lon": -70.6411094, "distance_m": 2661, "ring": "<=5000 m"}, "geometry": {"type": "Point", "coordinates": [-70.6411094, -33.4407759]}}, {"type": "Feature", "properties": {"osm_id": "way/555001285", "name": "Anfiteatro Los Canelos", "theme": "culture", "subtype": "theatre", "lat": -33.4137543, "lon": -70.6219899, "distance_m": 2661, "ring": "<=5000 m"}, "geometry": {"type": "Point", "coordinates": [-70.6219899, -33.4137543]}}, {"type": "Feature", "properties": {"osm_id": "node/12720297657", "name": "Dr. Luis Calvo Mackenna", "theme": "culture", "subtype": "artwork", "lat": -33.4347221, "lon": -70.6295668, "distance_m": 2662, "ring": "<=5000 m"}, "geometry": {"type": "Point", "coordinates": [-70.6295668, -33.4347221]}}, {"type": "Feature", "properties": {"osm_id": "node/12968817819", "name": "Gran Sala Sinfónica Nacional", "theme": "culture", "subtype": "theatre", "lat": -33.4382138, "lon": -70.6346576, "distance_m": 2662, "ring": "<=5000 m"}, "geometry": {"type": "Point", "coordinates": [-70.6346576, -33.4382138]}}, {"type": "Feature", "properties": {"osm_id": "node/1292345622", "name": "José Martí", "theme": "culture", "subtype": "artwork", "lat": -33.4374719, "lon": -70.6332685, "distance_m": 2667, "ring": "<=5000 m"}, "geometry": {"type": "Point", "coordinates": [-70.6332685, -33.4374719]}}, {"type": "Feature", "properties": {"osm_id": "node/2869626432", "name": "Daniel Zamudio", "theme": "culture", "subtype": "memorial", "lat": -33.4397527, "lon": -70.6378692, "distance_m": 2667, "ring": "<=5000 m"}, "geometry": {"type": "Point", "coordinates": [-70.6378692, -33.4397527]}}, {"type": "Feature", "properties": {"osm_id": "node/6878646586", "name": "Oficina de Turismo", "theme": "culture", "subtype": "information", "lat": -33.4415502, "lon": -70.6441956, "distance_m": 2668, "ring": "<=5000 m"}, "geometry": {"type": "Point", "coordinates": [-70.6441956, -33.4415502]}}, {"type": "Feature", "properties": {"osm_id": "node/10996442226", "name": "Abdón Cifuentes", "theme": "culture", "subtype": "artwork", "lat": -33.4409192, "lon": -70.641328, "distance_m": 2669, "ring": "<=5000 m"}, "geometry": {"type": "Point", "coordinates": [-70.641328, -33.4409192]}}, {"type": "Feature", "properties": {"osm_id": "way/110166499", "name": "Iglesia San Francisco de Borja", "theme": "culture", "subtype": "place_of_worship", "lat": -33.439555, "lon": -70.6371662, "distance_m": 2676, "ring": "<=5000 m"}, "geometry": {"type": "Point", "coordinates": [-70.6371662, -33.439555]}}, {"type": "Feature", "properties": {"osm_id": "node/223920407", "name": "Museo de los Tajamares", "theme": "culture", "subtype": "ruins", "lat": -33.4355959, "lon": -70.6303997, "distance_m": 2677, "ring": "<=5000 m"}, "geometry": {"type": "Point", "coordinates": [-70.6303997, -33.4355959]}}, {"type": "Feature", "properties": {"osm_id": "node/1910929881", "name": "Salvador Allende Gossens", "theme": "culture", "subtype": "artwork", "lat": -33.4420075, "lon": -70.653449, "distance_m": 2678, "ring": "<=5000 m"}, "geometry": {"type": "Point", "coordinates": [-70.653449, -33.4420075]}}, {"type": "Feature", "properties": {"osm_id": "node/8534845252", "name": "Viewpoint", "theme": "culture", "subtype": "viewpoint", "lat": -33.4099963, "lon": -70.6230025, "distance_m": 2678, "ring": "<=5000 m"}, "geometry": {"type": "Point", "coordinates": [-70.6230025, -33.4099963]}}, {"type": "Feature", "properties": {"osm_id": "way/579064351", "name": "Attraction", "theme": "culture", "subtype": "attraction", "lat": -33.4415869, "lon": -70.6438725, "distance_m": 2679, "ring": "<=5000 m"}, "geometry": {"type": "Point", "coordinates": [-70.6438725, -33.4415869]}}, {"type": "Feature", "properties": {"osm_id": "way/296558777", "name": "Cafe Literario Parque Balmaceda", "theme": "culture", "subtype": "library", "lat": -33.4342209, "lon": -70.6286626, "distance_m": 2685, "ring": "<=5000 m"}, "geometry": {"type": "Point", "coordinates": [-70.6286626, -33.4342209]}}, {"type": "Feature", "properties": {"osm_id": "node/6776015230", "name": "Masacre del Seguro Obrero", "theme": "culture", "subtype": "memorial", "lat": -33.4421023, "lon": -70.6532326, "distance_m": 2686, "ring": "<=5000 m"}, "geometry": {"type": "Point", "coordinates": [-70.6532326, -33.4421023]}}, {"type": "Feature", "properties": {"osm_id": "node/5184306597", "name": "Carta de Pedro de Valdivia a Carlos V", "theme": "culture", "subtype": "artwork", "lat": -33.4414334, "lon": -70.6427198, "distance_m": 2688, "ring": "<=5000 m"}, "geometry": {"type": "Point", "coordinates": [-70.6427198, -33.4414334]}}, {"type": "Feature", "properties": {"osm_id": "node/6938709801", "name": "Plaza de Juegos Gabriela Mistral", "theme": "culture", "subtype": "attraction", "lat": -33.4160196, "lon": -70.6212972, "distance_m": 2691, "ring": "<=5000 m"}, "geometry": {"type": "Point", "coordinates": [-70.6212972, -33.4160196]}}, {"type": "Feature", "properties": {"osm_id": "way/447523184", "name": "Antigua Iglesia de Las Agustinas", "theme": "culture", "subtype": "place_of_worship", "lat": -33.442263, "lon": -70.6513665, "distance_m": 2691, "ring": "<=5000 m"}, "geometry": {"type": "Point", "coordinates": [-70.6513665, -33.442263]}}, {"type": "Feature", "properties": {"osm_id": "node/4411972989", "name": "Espacio Fundación Telefónica", "theme": "culture", "subtype": "gallery", "lat": -33.4371895, "lon": -70.6323584, "distance_m": 2693, "ring": "<=5000 m"}, "geometry": {"type": "Point", "coordinates": [-70.6323584, -33.4371895]}}, {"type": "Feature", "properties": {"osm_id": "node/1841300627", "name": "Terraza Neptuno", "theme": "culture", "subtype": "viewpoint", "lat": -33.4417484, "lon": -70.6439406, "distance_m": 2695, "ring": "<=5000 m"}, "geometry": {"type": "Point", "coordinates": [-70.6439406, -33.4417484]}}, {"type": "Feature", "properties": {"osm_id": "way/1180488146", "name": "Museo Violeta Parra", "theme": "culture", "subtype": "museum", "lat": -33.4389865, "lon": -70.6354695, "distance_m": 2696, "ring": "<=5000 m"}, "geometry": {"type": "Point", "coordinates": [-70.6354695, -33.4389865]}}, {"type": "Feature", "properties": {"osm_id": "relation/6123552", "name": "Biblioteca Nacional de Chile", "theme": "culture", "subtype": "library", "lat": -33.4420694, "lon": -70.6456791, "distance_m": 2700, "ring": "<=5000 m"}, "geometry": {"type": "Point", "coordinates": [-70.6456791, -33.4420694]}}, {"type": "Feature", "properties": {"osm_id": "node/9859607608", "name": "Papa San Juan Pablo II", "theme": "culture", "subtype": "memorial", "lat": -33.4410652, "lon": -70.6407691, "distance_m": 2701, "ring": "<=5000 m"}, "geometry": {"type": "Point", "coordinates": [-70.6407691, -33.4410652]}}, {"type": "Feature", "properties": {"osm_id": "node/8439408841", "name": "Theatre", "theme": "culture", "subtype": "theatre", "lat": -33.4162008, "lon": -70.6211635, "distance_m": 2702, "ring": "<=5000 m"}, "geometry": {"type": "Point", "coordinates": [-70.6211635, -33.4162008]}}, {"type": "Feature", "properties": {"osm_id": "node/5740189242", "name": "Pedro Aguirre Cerda", "theme": "culture", "subtype": "memorial", "lat": -33.4421262, "lon": -70.6545128, "distance_m": 2704, "ring": "<=5000 m"}, "geometry": {"type": "Point", "coordinates": [-70.6545128, -33.4421262]}}, {"type": "Feature", "properties": {"osm_id": "node/11563084820", "name": "Oficina de Información Turística Regional de Santiago", "theme": "culture", "subtype": "information", "lat": -33.4423742, "lon": -70.6517573, "distance_m": 2705, "ring": "<=5000 m"}, "geometry": {"type": "Point", "coordinates": [-70.6517573, -33.4423742]}}, {"type": "Feature", "properties": {"osm_id": "node/8439408868", "name": "Information", "theme": "culture", "subtype": "information", "lat": -33.4157553, "lon": -70.6211581, "distance_m": 2707, "ring": "<=5000 m"}, "geometry": {"type": "Point", "coordinates": [-70.6211581, -33.4157553]}}]}